2025-11-14 13:19:37,227 - __main__ - INFO - Initializing pipeline stages...
2025-11-14 13:19:37,232 - __main__ - INFO - All pipeline stages initialized successfully
2025-11-14 13:19:37,232 - __main__ - INFO - Starting full AI Protein Design Pipeline...
2025-11-14 13:19:37,233 - __main__ - INFO - Starting data collection...
2025-11-14 13:19:37,233 - data_collection - INFO - Starting data collection process...
2025-11-14 13:19:37,233 - data_collection - INFO - Collecting sequences for target: HER2_therapeutic
2025-11-14 13:19:38,870 - data_collection - INFO - Downloaded UniProt sequence: data\raw\HER2_therapeutic_uniprot.fasta
2025-11-14 13:19:38,873 - data_collection - INFO - Collecting PDB structure: 1N8Z
2025-11-14 13:19:42,516 - data_collection - INFO - Downloaded PDB structure: data\raw\1N8Z.pdb
2025-11-14 13:19:42,518 - data_collection - INFO - Collecting AlphaFold structure: P04626
2025-11-14 13:19:43,772 - data_collection - WARNING - AlphaFold structure not found: https://alphafold.ebi.ac.uk/files/AF-P04626-F1-model_v4.pdb
2025-11-14 13:19:43,774 - data_collection - INFO - Collecting related sequences for reference...
2025-11-14 13:19:43,776 - data_collection - INFO - Created related sequences file: data\raw\related_sequences.fasta
2025-11-14 13:19:43,777 - data_collection - INFO - Data collection completed. Collected 3 files.
2025-11-14 13:19:43,778 - __main__ - INFO - Data collection completed
2025-11-14 13:19:43,778 - __main__ - INFO - Starting data preprocessing...
2025-11-14 13:19:43,778 - data_preprocessing - INFO - Starting data preprocessing...
2025-11-14 13:19:43,796 - data_preprocessing - INFO - Loaded 1 sequences from data\raw\HER2_therapeutic_uniprot.fasta
2025-11-14 13:19:43,812 - data_preprocessing - INFO - Loaded 3 sequences from data\raw\related_sequences.fasta
2025-11-14 13:19:43,813 - data_preprocessing - INFO - Loaded 4 total sequences
2025-11-14 13:19:43,813 - data_preprocessing - INFO - Filtered 3/4 sequences by length
2025-11-14 13:19:43,814 - data_preprocessing - INFO - Removed duplicates: 3 -> 3 sequences
2025-11-14 13:19:43,839 - data_preprocessing - INFO - Creating deep learning datasets...
2025-11-14 13:19:43,856 - data_preprocessing - INFO - Created tensor dataset with shape: torch.Size([3, 512])
2025-11-14 13:19:43,890 - data_preprocessing - INFO - Saved tensor dataset: data\processed\protein_dataset.pt
2025-11-14 13:19:43,896 - data_preprocessing - INFO - Preprocessing completed. Saved 3 sequences.
2025-11-14 13:19:43,897 - data_preprocessing - INFO - Starting structure preprocessing...
2025-11-14 13:19:44,165 - data_preprocessing - INFO - Processed structure: 1N8Z.pdb
2025-11-14 13:19:44,165 - __main__ - INFO - Data preprocessing completed
2025-11-14 13:19:44,165 - __main__ - INFO - Starting sequence generation...
2025-11-14 13:19:44,165 - sequence_generation - INFO - Starting ProGAN sequence generation with HER2 comparison...
2025-11-14 13:19:44,181 - sequence_generation - INFO - Prepared 6 sequences for training
2025-11-14 13:19:47,132 - sequence_generation - INFO - Loaded trained ProGAN model from results\sequences\protein_progan.pth
2025-11-14 13:19:47,133 - sequence_generation - INFO - Generating 20 sequences with ProGAN
2025-11-14 13:19:47,233 - sequence_generation - INFO - Generated 1 valid sequences with ProGAN
2025-11-14 13:19:47,236 - sequence_generation - INFO - Applying personalization constraints...
2025-11-14 13:19:47,237 - sequence_generation - INFO - Applied personalization constraints to 1 sequences
2025-11-14 13:19:47,237 - sequence_generation - WARNING - No sequences passed filtering, using original generated sequences
2025-11-14 13:19:47,237 - sequence_generation - INFO - Comparing generated sequences with HER2 standard...
2025-11-14 13:19:47,238 - sequence_generation - INFO - Analyzing reaction of generated proteins with healthy proteins...
2025-11-14 13:19:47,246 - sequence_generation - INFO - Generated 1 sequences using ProGAN with HER2 comparison
2025-11-14 13:19:47,246 - __main__ - INFO - Applying personalization constraints...
2025-11-14 13:19:47,247 - variant_annotation - INFO - Generating personalized sequences...
2025-11-14 13:19:47,247 - variant_annotation - WARNING - Variant file not found: data\genomic_variants.vcf
2025-11-14 13:19:47,247 - variant_annotation - WARNING - No variant data available, returning base sequences
2025-11-14 13:19:47,248 - __main__ - INFO - Sequence generation completed
2025-11-14 13:19:47,248 - __main__ - INFO - Starting structure prediction...
2025-11-14 13:19:47,249 - structure_prediction - INFO - Starting structure prediction...
2025-11-14 13:19:47,267 - structure_prediction - INFO - Loaded 1 sequences for structure prediction
2025-11-14 13:19:47,268 - structure_prediction - WARNING - ESMFold not available, using mock prediction
2025-11-14 13:19:47,268 - structure_prediction - INFO - Creating mock prediction for GEN_0001
2025-11-14 13:19:47,272 - structure_prediction - INFO - High confidence structures: 0
2025-11-14 13:19:47,272 - structure_prediction - INFO - Low confidence structures: 1
2025-11-14 13:19:47,273 - structure_prediction - INFO - Structure prediction completed. 0 high-confidence structures.
2025-11-14 13:19:47,273 - __main__ - INFO - Structure prediction completed
2025-11-14 13:19:47,274 - __main__ - INFO - Starting docking analysis...
2025-11-14 13:19:47,274 - docking - INFO - Starting docking analysis...
2025-11-14 13:19:47,275 - docking - INFO - Using target structure: data\processed\1N8Z.pdb
2025-11-14 13:19:47,280 - docking - INFO - Loaded 1 ligand structures
2025-11-14 13:19:47,280 - docking - INFO - Prepared target 1N8Z for docking
2025-11-14 13:19:47,281 - docking - INFO - Prepared ligand GEN_0001_esmfold for docking
2025-11-14 13:19:47,283 - docking - INFO - Docking completed for GEN_0001_esmfold: -6.83 kcal/mol
2025-11-14 13:19:47,301 - docking - INFO - Docking analysis completed. 1 docking runs performed.
2025-11-14 13:19:47,306 - __main__ - INFO - Docking analysis completed
2025-11-14 13:19:47,306 - __main__ - INFO - Starting stability analysis...
2025-11-14 13:19:47,307 - stability_analysis - INFO - Starting stability analysis...
2025-11-14 13:19:47,328 - stability_analysis - INFO - Loaded 1 top binders for stability analysis
2025-11-14 13:19:47,329 - stability_analysis - INFO - Running stability proxy analysis for GEN_0001_esmfold
2025-11-14 13:19:47,329 - stability_analysis - INFO - Stability proxy analysis completed for GEN_0001_esmfold
2025-11-14 13:19:47,337 - stability_analysis - INFO - Stability analysis completed. 1 structures analyzed.
2025-11-14 13:19:47,337 - __main__ - INFO - Stability analysis completed
2025-11-14 13:19:47,337 - __main__ - INFO - Starting developability assessment...
2025-11-14 13:19:47,338 - developability - INFO - Starting developability assessment...
2025-11-14 13:19:47,354 - developability - INFO - Loaded 1 stable candidates for developability assessment
2025-11-14 13:19:47,354 - developability - ERROR - Error assessing solubility: division by zero
2025-11-14 13:19:47,354 - developability - ERROR - Error assessing aggregation: division by zero
2025-11-14 13:19:47,354 - developability - ERROR - Error assessing manufacturability: division by zero
2025-11-14 13:19:47,355 - developability - INFO - Assessed GEN_0001_esmfold: fail
2025-11-14 13:19:47,358 - developability - INFO - Developability assessment completed. 1 candidates assessed.
2025-11-14 13:19:47,359 - __main__ - INFO - Developability assessment completed
2025-11-14 13:19:47,360 - __main__ - INFO - Starting HER2 comparison and healthy protein reaction analysis...
2025-11-14 13:19:47,360 - her2_comparison_analysis - INFO - Starting HER2 comparison analysis...
2025-11-14 13:19:47,366 - her2_comparison_analysis - INFO - HER2 comparison results saved to results\reports\her2_comparison_results.csv
2025-11-14 13:19:47,366 - her2_comparison_analysis - INFO - Starting healthy protein reaction analysis...
2025-11-14 13:19:47,372 - her2_comparison_analysis - INFO - Healthy protein reaction results saved to results\reports\healthy_protein_reaction_results.csv
2025-11-14 13:19:47,374 - her2_comparison_analysis - INFO - Summary report saved to results\reports\her2_healthy_protein_analysis_report.txt
2025-11-14 13:19:47,374 - __main__ - INFO - HER2 comparison and healthy protein reaction analysis completed
2025-11-14 13:19:47,375 - __main__ - INFO - Running scientific validation...
2025-11-14 13:19:47,391 - scientific_validation - INFO - Starting scientific validation...
2025-11-14 13:19:47,391 - scientific_validation - INFO - Running baseline comparison...
2025-11-14 13:19:47,513 - scientific_validation - INFO - Scientific validation completed
2025-11-14 13:19:47,514 - __main__ - INFO - Scientific validation completed
2025-11-14 13:19:47,514 - __main__ - INFO - Starting report generation...
2025-11-14 13:19:47,514 - reporting - INFO - Generating comprehensive pipeline report with complete combined reports...
2025-11-14 13:19:47,514 - reporting - INFO - Generating complete combined reports...
2025-11-14 13:19:47,515 - reporting - INFO - Creating visualizations...
2025-11-14 13:19:53,461 - reporting - INFO - Created 3D visualization: results\reports\structure_3d_1.html
2025-11-14 13:19:55,320 - reporting - INFO - Created interactive dashboard
2025-11-14 13:19:56,727 - reporting - INFO - Created scientific validation visualizations
2025-11-14 13:19:56,727 - reporting - INFO - Visualizations created
2025-11-14 13:19:56,728 - reporting - INFO - Creating comprehensive combined reports...
2025-11-14 13:19:56,733 - reporting - INFO - Combined reports generated: results\reports\complete_combined_report.txt, results\reports\complete_combined_report.csv
2025-11-14 13:19:56,734 - reporting - INFO - Complete combined reports generation finished
2025-11-14 13:19:56,748 - reporting - INFO - Complete report generation finished. Files saved to: results\reports
2025-11-14 13:19:56,748 - __main__ - INFO - Report generation completed
2025-11-14 13:19:56,749 - __main__ - INFO - Pipeline completed successfully in 0:00:19.516390
2025-11-14 13:19:56,749 - __main__ - INFO - Results saved to: results/reports
2025-11-14 13:19:56,756 - __main__ - INFO - Final summary saved to: results\reports\pipeline_final_summary.yaml
2025-11-14 13:21:39,735 - __main__ - INFO - Initializing pipeline stages...
2025-11-14 13:21:39,738 - __main__ - INFO - All pipeline stages initialized successfully
2025-11-14 13:21:39,739 - __main__ - INFO - Running partial pipeline: ['data_collection', 'data_preprocessing', 'sequence_generation']
2025-11-14 13:21:39,739 - __main__ - INFO - Starting data collection...
2025-11-14 13:21:39,740 - data_collection - INFO - Starting data collection process...
2025-11-14 13:21:39,740 - data_collection - INFO - Collecting sequences for target: HER2_therapeutic
2025-11-14 13:21:43,421 - data_collection - INFO - Downloaded UniProt sequence: data\raw\HER2_therapeutic_uniprot.fasta
2025-11-14 13:21:43,423 - data_collection - INFO - Collecting PDB structure: 1N8Z
2025-11-14 13:21:47,006 - data_collection - INFO - Downloaded PDB structure: data\raw\1N8Z.pdb
2025-11-14 13:21:47,009 - data_collection - INFO - Collecting AlphaFold structure: P04626
2025-11-14 13:21:49,498 - data_collection - WARNING - AlphaFold structure not found: https://alphafold.ebi.ac.uk/files/AF-P04626-F1-model_v4.pdb
2025-11-14 13:21:49,500 - data_collection - INFO - Collecting related sequences for reference...
2025-11-14 13:21:49,502 - data_collection - INFO - Created related sequences file: data\raw\related_sequences.fasta
2025-11-14 13:21:49,503 - data_collection - INFO - Data collection completed. Collected 3 files.
2025-11-14 13:21:49,504 - __main__ - INFO - Data collection completed
2025-11-14 13:21:49,504 - __main__ - INFO - Starting data preprocessing...
2025-11-14 13:21:49,504 - data_preprocessing - INFO - Starting data preprocessing...
2025-11-14 13:21:49,507 - data_preprocessing - INFO - Loaded 1 sequences from data\raw\HER2_therapeutic_uniprot.fasta
2025-11-14 13:21:49,510 - data_preprocessing - INFO - Loaded 3 sequences from data\raw\related_sequences.fasta
2025-11-14 13:21:49,510 - data_preprocessing - INFO - Loaded 4 total sequences
2025-11-14 13:21:49,511 - data_preprocessing - INFO - Filtered 3/4 sequences by length
2025-11-14 13:21:49,511 - data_preprocessing - INFO - Removed duplicates: 3 -> 3 sequences
2025-11-14 13:21:49,523 - data_preprocessing - INFO - Creating deep learning datasets...
2025-11-14 13:21:49,524 - data_preprocessing - INFO - Created tensor dataset with shape: torch.Size([3, 512])
2025-11-14 13:21:49,533 - data_preprocessing - INFO - Saved tensor dataset: data\processed\protein_dataset.pt
2025-11-14 13:21:49,535 - data_preprocessing - INFO - Preprocessing completed. Saved 3 sequences.
2025-11-14 13:21:49,536 - data_preprocessing - INFO - Starting structure preprocessing...
2025-11-14 13:21:49,774 - data_preprocessing - INFO - Processed structure: 1N8Z.pdb
2025-11-14 13:21:49,775 - __main__ - INFO - Data preprocessing completed
2025-11-14 13:21:49,775 - __main__ - INFO - Starting sequence generation...
2025-11-14 13:21:49,775 - sequence_generation - INFO - Starting ProGAN sequence generation with HER2 comparison...
2025-11-14 13:21:49,777 - sequence_generation - INFO - Prepared 6 sequences for training
2025-11-14 13:21:50,088 - sequence_generation - INFO - Loaded trained ProGAN model from results\sequences\protein_progan.pth
2025-11-14 13:21:50,089 - sequence_generation - INFO - Generating 20 sequences with ProGAN
2025-11-14 13:21:50,126 - sequence_generation - INFO - Generated 2 valid sequences with ProGAN
2025-11-14 13:21:50,127 - sequence_generation - INFO - Applying personalization constraints...
2025-11-14 13:21:50,127 - sequence_generation - INFO - Applied personalization constraints to 2 sequences
2025-11-14 13:21:50,128 - sequence_generation - INFO - Comparing generated sequences with HER2 standard...
2025-11-14 13:21:50,128 - sequence_generation - INFO - Analyzing reaction of generated proteins with healthy proteins...
2025-11-14 13:21:50,135 - sequence_generation - INFO - Generated 1 sequences using ProGAN with HER2 comparison
2025-11-14 13:21:50,137 - __main__ - INFO - Applying personalization constraints...
2025-11-14 13:21:50,137 - variant_annotation - INFO - Generating personalized sequences...
2025-11-14 13:21:50,138 - variant_annotation - WARNING - Variant file not found: data\genomic_variants.vcf
2025-11-14 13:21:50,138 - variant_annotation - WARNING - No variant data available, returning base sequences
2025-11-14 13:21:50,138 - __main__ - INFO - Sequence generation completed
2026-01-30 09:35:06,479 - __main__ - INFO - Initializing pipeline stages...
2026-01-30 10:22:13,499 - __main__ - INFO - Initializing pipeline stages...
2026-01-30 10:22:13,531 - __main__ - INFO - All pipeline stages initialized successfully
2026-01-30 10:22:13,531 - __main__ - INFO - Starting full AI Protein Design Pipeline...
2026-01-30 10:22:13,532 - __main__ - INFO - Starting data collection...
2026-01-30 10:22:13,532 - data_collection - INFO - Starting data collection process...
2026-01-30 10:22:13,532 - data_collection - INFO - Collecting sequences for all targets
2026-01-30 10:22:14,293 - data_collection - INFO - Downloaded UniProt sequence: data\raw\HER2_therapeutic_uniprot.fasta
2026-01-30 10:22:14,963 - data_collection - INFO - Downloaded UniProt sequence: data\raw\TNF_therapeutic_uniprot.fasta
2026-01-30 10:22:14,965 - __main__ - ERROR - Pipeline failed with error: 'DataCollector' object has no attribute 'target'
2026-01-30 10:34:12,748 - __main__ - INFO - Initializing pipeline stages...
2026-01-30 10:34:12,754 - __main__ - INFO - All pipeline stages initialized successfully
2026-01-30 10:34:12,754 - __main__ - INFO - Starting full AI Protein Design Pipeline...
2026-01-30 10:34:12,754 - __main__ - INFO - Starting data collection...
2026-01-30 10:34:12,755 - data_collection - INFO - Starting data collection process...
2026-01-30 10:34:12,755 - data_collection - INFO - Collecting sequences for all targets
2026-01-30 10:34:13,524 - data_collection - INFO - Downloaded UniProt sequence: data\raw\HER2_therapeutic_uniprot.fasta
2026-01-30 10:34:14,160 - data_collection - INFO - Downloaded UniProt sequence: data\raw\TNF_therapeutic_uniprot.fasta
2026-01-30 10:34:14,163 - __main__ - ERROR - Pipeline failed with error: 'DataCollector' object has no attribute 'target'
2026-01-30 12:38:46,472 - __main__ - INFO - Initializing pipeline stages...
2026-01-30 12:39:05,422 - __main__ - INFO - Initializing pipeline stages...
2026-01-30 12:39:16,915 - __main__ - INFO - Initializing pipeline stages...
2026-01-30 12:39:29,651 - __main__ - INFO - Initializing pipeline stages...
2026-01-30 12:56:15,099 - __main__ - INFO - Initializing pipeline stages...
2026-01-30 12:56:27,632 - __main__ - INFO - Initializing pipeline stages...
2026-01-30 12:56:39,408 - __main__ - INFO - Initializing pipeline stages...
2026-01-30 12:56:52,629 - __main__ - INFO - Initializing pipeline stages...
2026-01-30 19:24:16,304 - __main__ - INFO - Initializing pipeline stages...
2026-05-17 22:07:52,604 - __main__ - INFO - Initializing pipeline stages...
2026-05-18 09:23:26,320 - __main__ - INFO - Initializing pipeline stages...
2026-05-18 09:26:09,746 - __main__ - INFO - Initializing pipeline stages...
2026-05-18 09:26:09,760 - __main__ - INFO - All pipeline stages initialized successfully
2026-05-18 09:26:09,760 - __main__ - INFO - Running partial pipeline: ['data_collection', 'data_preprocessing']
2026-05-18 09:26:09,760 - __main__ - INFO - Starting data collection...
2026-05-18 09:26:09,760 - data_collection - INFO - Starting data collection process...
2026-05-18 09:26:09,760 - data_collection - INFO - Collecting sequences for all targets
2026-05-18 09:26:09,762 - data_collection - INFO - Downloading ERBB2-family sequences from UniProt (target size: 300)
2026-05-18 09:26:09,762 - data_collection - INFO - UniProt search query: 'gene:ERBB2 OR gene:ERBB3 OR gene:ERBB4'  (max 300 entries)
2026-05-18 09:26:12,529 - data_collection - INFO - UniProt search fetched 400 entries total.
2026-05-18 09:26:13,392 - data_collection - INFO - Downloaded UniProt sequence: data\raw\HER2_therapeutic_uniprot.fasta
2026-05-18 09:26:14,127 - data_collection - INFO - Downloaded UniProt sequence: data\raw\TNF_therapeutic_uniprot.fasta
2026-05-18 09:26:14,127 - data_collection - INFO - Collecting PDB structures for all targets
2026-05-18 09:26:15,327 - data_collection - INFO - Downloaded PDB structure: data\raw\1N8Z.pdb
2026-05-18 09:26:16,194 - data_collection - INFO - Downloaded PDB structure: data\raw\1TNF.pdb
2026-05-18 09:26:16,194 - data_collection - INFO - Collecting AlphaFold structures for all targets
2026-05-18 09:26:16,880 - data_collection - WARNING - AlphaFold structure not found for HER2_therapeutic: https://alphafold.ebi.ac.uk/files/AF-P04626-F1-model_v4.pdb
2026-05-18 09:26:17,413 - data_collection - WARNING - AlphaFold structure not found for TNF_therapeutic: https://alphafold.ebi.ac.uk/files/AF-P01375-F1-model_v4.pdb
2026-05-18 09:26:17,413 - data_collection - INFO - Collecting related sequences for reference...
2026-05-18 09:26:17,413 - data_collection - INFO - Created related sequences file: data\raw\related_sequences.fasta
2026-05-18 09:26:17,413 - data_collection - INFO - Data collection completed. Collected 5 files.
2026-05-18 09:26:17,413 - __main__ - INFO - Data collection completed
2026-05-18 09:26:17,413 - __main__ - INFO - Starting data preprocessing...
2026-05-18 09:26:17,413 - data_preprocessing - INFO - Starting data preprocessing...
2026-05-18 09:26:17,446 - data_preprocessing - INFO - Loaded 400 sequences from data\raw\ERBB2_family_uniprot.fasta
2026-05-18 09:26:17,446 - data_preprocessing - INFO - Loaded 1 sequences from data\raw\HER2_therapeutic_uniprot.fasta
2026-05-18 09:26:17,465 - data_preprocessing - INFO - Loaded 3 sequences from data\raw\related_sequences.fasta
2026-05-18 09:26:17,480 - data_preprocessing - INFO - Loaded 1 sequences from data\raw\TNF_therapeutic_uniprot.fasta
2026-05-18 09:26:17,480 - data_preprocessing - INFO - Loaded 405 total sequences
2026-05-18 09:26:17,480 - data_preprocessing - INFO - Filtered 3/405 sequences by length
2026-05-18 09:26:17,561 - data_preprocessing - INFO - Removed duplicates: 3 -> 3 sequences
2026-05-18 09:26:17,580 - data_preprocessing - INFO - Creating deep learning datasets...
2026-05-18 09:26:17,580 - data_preprocessing - INFO - Created tensor dataset with shape: torch.Size([3, 512])
2026-05-18 09:26:17,595 - data_preprocessing - INFO - Saved tensor dataset: data\processed\protein_dataset.pt
2026-05-18 09:26:17,595 - data_preprocessing - INFO - Preprocessing completed. Saved 3 sequences.
2026-05-18 09:26:17,595 - data_preprocessing - INFO - Starting structure preprocessing...
2026-05-18 09:26:17,779 - data_preprocessing - INFO - Processed structure: 1N8Z.pdb
2026-05-18 09:26:17,863 - data_preprocessing - INFO - Processed structure: 1TNF.pdb
2026-05-18 09:26:17,863 - __main__ - INFO - Data preprocessing completed
2026-05-18 09:29:30,537 - __main__ - INFO - Initializing pipeline stages...
2026-05-18 09:29:30,537 - __main__ - INFO - All pipeline stages initialized successfully
2026-05-18 09:29:30,537 - __main__ - INFO - Running partial pipeline: ['data_collection', 'data_preprocessing', 'sequence_generation']
2026-05-18 09:29:30,537 - __main__ - INFO - Starting data collection...
2026-05-18 09:29:30,537 - data_collection - INFO - Starting data collection process...
2026-05-18 09:29:30,537 - data_collection - INFO - Collecting sequences for all targets
2026-05-18 09:29:30,537 - data_collection - INFO - ERBB2-family file already exists: data\raw\ERBB2_family_uniprot.fasta
2026-05-18 09:29:31,227 - data_collection - INFO - Downloaded UniProt sequence: data\raw\HER2_therapeutic_uniprot.fasta
2026-05-18 09:29:31,889 - data_collection - INFO - Downloaded UniProt sequence: data\raw\TNF_therapeutic_uniprot.fasta
2026-05-18 09:29:31,889 - data_collection - INFO - Collecting PDB structures for all targets
2026-05-18 09:29:32,321 - data_collection - INFO - Downloaded PDB structure: data\raw\1N8Z.pdb
2026-05-18 09:29:32,537 - data_collection - INFO - Downloaded PDB structure: data\raw\1TNF.pdb
2026-05-18 09:29:32,537 - data_collection - INFO - Collecting AlphaFold structures for all targets
2026-05-18 09:29:33,016 - data_collection - WARNING - AlphaFold structure not found for HER2_therapeutic: https://alphafold.ebi.ac.uk/files/AF-P04626-F1-model_v4.pdb
2026-05-18 09:29:33,513 - data_collection - WARNING - AlphaFold structure not found for TNF_therapeutic: https://alphafold.ebi.ac.uk/files/AF-P01375-F1-model_v4.pdb
2026-05-18 09:29:33,518 - data_collection - INFO - Collecting related sequences for reference...
2026-05-18 09:29:33,521 - data_collection - INFO - Created related sequences file: data\raw\related_sequences.fasta
2026-05-18 09:29:33,521 - data_collection - INFO - Data collection completed. Collected 5 files.
2026-05-18 09:29:33,521 - __main__ - INFO - Data collection completed
2026-05-18 09:29:33,521 - __main__ - INFO - Starting data preprocessing...
2026-05-18 09:29:33,521 - data_preprocessing - INFO - Starting data preprocessing...
2026-05-18 09:29:33,529 - data_preprocessing - INFO - Loaded 400 sequences from data\raw\ERBB2_family_uniprot.fasta
2026-05-18 09:29:33,539 - data_preprocessing - INFO - Loaded 1 sequences from data\raw\HER2_therapeutic_uniprot.fasta
2026-05-18 09:29:33,539 - data_preprocessing - INFO - Loaded 3 sequences from data\raw\related_sequences.fasta
2026-05-18 09:29:33,539 - data_preprocessing - INFO - Loaded 1 sequences from data\raw\TNF_therapeutic_uniprot.fasta
2026-05-18 09:29:33,539 - data_preprocessing - INFO - Loaded 405 total sequences
2026-05-18 09:29:33,539 - data_preprocessing - INFO - Filtered 12/405 sequences by length
2026-05-18 09:29:33,539 - data_preprocessing - INFO - After length filter (30–1000 aa): 12/405 sequences retained
2026-05-18 09:29:33,539 - data_preprocessing - INFO - Removed duplicates: 12 -> 11 sequences
2026-05-18 09:29:33,571 - data_preprocessing - INFO - Creating deep learning datasets...
2026-05-18 09:29:33,571 - data_preprocessing - INFO - Created tensor dataset with shape: torch.Size([11, 512])
2026-05-18 09:29:33,571 - data_preprocessing - INFO - Saved tensor dataset: data\processed\protein_dataset.pt
2026-05-18 09:29:33,586 - data_preprocessing - INFO - Created DataLoader with 8 sequences
2026-05-18 09:29:33,587 - data_preprocessing - INFO - Created DataLoader with 3 sequences
2026-05-18 09:29:33,587 - data_preprocessing - INFO - Created tensor dataset with shape: torch.Size([8, 512])
2026-05-18 09:29:33,587 - data_preprocessing - INFO - Created tensor dataset with shape: torch.Size([3, 512])
2026-05-18 09:29:33,697 - data_preprocessing - INFO - Saved train/validation datasets
2026-05-18 09:29:33,697 - data_preprocessing - INFO - Preprocessing completed. Saved 11 sequences.
2026-05-18 09:29:33,697 - data_preprocessing - INFO - Starting structure preprocessing...
2026-05-18 09:29:33,853 - data_preprocessing - INFO - Processed structure: 1N8Z.pdb
2026-05-18 09:29:33,932 - data_preprocessing - INFO - Processed structure: 1TNF.pdb
2026-05-18 09:29:33,932 - __main__ - INFO - Data preprocessing completed
2026-05-18 09:29:33,932 - __main__ - INFO - Starting sequence generation...
2026-05-18 09:29:33,932 - __main__ - INFO - Generating sequences for HER2_therapeutic
2026-05-18 09:32:02,671 - __main__ - INFO - Initializing pipeline stages...
2026-05-18 09:32:02,679 - __main__ - INFO - All pipeline stages initialized successfully
2026-05-18 09:32:02,679 - __main__ - INFO - Running partial pipeline: ['data_collection', 'data_preprocessing', 'sequence_generation']
2026-05-18 09:32:02,679 - __main__ - INFO - Starting data collection...
2026-05-18 09:32:02,679 - data_collection - INFO - Starting data collection process...
2026-05-18 09:32:02,679 - data_collection - INFO - Collecting sequences for all targets
2026-05-18 09:32:02,679 - data_collection - INFO - ERBB2-family file already exists: data\raw\ERBB2_family_uniprot.fasta
2026-05-18 09:32:03,399 - data_collection - INFO - Downloaded UniProt sequence: data\raw\HER2_therapeutic_uniprot.fasta
2026-05-18 09:32:04,118 - data_collection - INFO - Downloaded UniProt sequence: data\raw\TNF_therapeutic_uniprot.fasta
2026-05-18 09:32:04,128 - data_collection - INFO - Collecting PDB structures for all targets
2026-05-18 09:32:04,587 - data_collection - INFO - Downloaded PDB structure: data\raw\1N8Z.pdb
2026-05-18 09:32:04,825 - data_collection - INFO - Downloaded PDB structure: data\raw\1TNF.pdb
2026-05-18 09:32:04,833 - data_collection - INFO - Collecting AlphaFold structures for all targets
2026-05-18 09:32:05,323 - data_collection - WARNING - AlphaFold structure not found for HER2_therapeutic: https://alphafold.ebi.ac.uk/files/AF-P04626-F1-model_v4.pdb
2026-05-18 09:32:05,835 - data_collection - WARNING - AlphaFold structure not found for TNF_therapeutic: https://alphafold.ebi.ac.uk/files/AF-P01375-F1-model_v4.pdb
2026-05-18 09:32:05,843 - data_collection - INFO - Collecting related sequences for reference...
2026-05-18 09:32:05,843 - data_collection - INFO - Created related sequences file: data\raw\related_sequences.fasta
2026-05-18 09:32:05,843 - data_collection - INFO - Data collection completed. Collected 5 files.
2026-05-18 09:32:05,843 - __main__ - INFO - Data collection completed
2026-05-18 09:32:05,843 - __main__ - INFO - Starting data preprocessing...
2026-05-18 09:32:05,851 - data_preprocessing - INFO - Starting data preprocessing...
2026-05-18 09:32:05,875 - data_preprocessing - INFO - Loaded 400 sequences from data\raw\ERBB2_family_uniprot.fasta
2026-05-18 09:32:05,884 - data_preprocessing - INFO - Loaded 1 sequences from data\raw\HER2_therapeutic_uniprot.fasta
2026-05-18 09:32:05,887 - data_preprocessing - INFO - Loaded 3 sequences from data\raw\related_sequences.fasta
2026-05-18 09:32:05,889 - data_preprocessing - INFO - Loaded 1 sequences from data\raw\TNF_therapeutic_uniprot.fasta
2026-05-18 09:32:05,889 - data_preprocessing - INFO - Loaded 405 total sequences
2026-05-18 09:32:05,892 - data_preprocessing - INFO - Filtered 12/405 sequences by length
2026-05-18 09:32:05,892 - data_preprocessing - INFO - After length filter (30–1000 aa): 12/405 sequences retained
2026-05-18 09:32:05,893 - data_preprocessing - INFO - Removed duplicates: 12 -> 11 sequences
2026-05-18 09:32:05,918 - data_preprocessing - INFO - Creating deep learning datasets...
2026-05-18 09:32:05,925 - data_preprocessing - INFO - Created tensor dataset with shape: torch.Size([11, 512])
2026-05-18 09:32:05,931 - data_preprocessing - INFO - Saved tensor dataset: data\processed\protein_dataset.pt
2026-05-18 09:32:05,932 - data_preprocessing - INFO - Created DataLoader with 8 sequences
2026-05-18 09:32:05,932 - data_preprocessing - INFO - Created DataLoader with 3 sequences
2026-05-18 09:32:05,936 - data_preprocessing - INFO - Created tensor dataset with shape: torch.Size([8, 512])
2026-05-18 09:32:05,937 - data_preprocessing - INFO - Created tensor dataset with shape: torch.Size([3, 512])
2026-05-18 09:32:05,937 - data_preprocessing - INFO - Saved train/validation datasets
2026-05-18 09:32:05,942 - data_preprocessing - INFO - Preprocessing completed. Saved 11 sequences.
2026-05-18 09:32:05,942 - data_preprocessing - INFO - Starting structure preprocessing...
2026-05-18 09:32:06,200 - data_preprocessing - INFO - Processed structure: 1N8Z.pdb
2026-05-18 09:32:06,285 - data_preprocessing - INFO - Processed structure: 1TNF.pdb
2026-05-18 09:32:06,285 - __main__ - INFO - Data preprocessing completed
2026-05-18 09:32:06,285 - __main__ - INFO - Starting sequence generation...
2026-05-18 09:32:06,285 - __main__ - INFO - Generating sequences for HER2_therapeutic
2026-05-18 09:32:06,293 - sequence_generation - INFO - Starting ProGAN sequence generation with HER2 comparison...
2026-05-18 09:32:06,311 - sequence_generation - INFO - Prepared 8 sequences for training
2026-05-18 09:32:08,163 - sequence_generation - INFO - Loaded trained ProGAN model from results\sequences\protein_progan.pth
2026-05-18 09:32:08,177 - sequence_generation - INFO - Generating 20 sequences with ProGAN
2026-05-18 09:32:08,245 - sequence_generation - INFO - Generated 3 valid sequences with ProGAN
2026-05-18 09:32:08,245 - sequence_generation - INFO - Applying personalization constraints...
2026-05-18 09:32:08,245 - sequence_generation - INFO - Applied personalization constraints to 3 sequences
2026-05-18 09:32:08,245 - sequence_generation - WARNING - No sequences passed filtering, using original generated sequences
2026-05-18 09:32:08,245 - sequence_generation - INFO - Comparing generated sequences with HER2 standard...
2026-05-18 09:32:08,245 - sequence_generation - INFO - Analyzing reaction of generated proteins with healthy proteins...
2026-05-18 09:32:08,259 - sequence_generation - INFO - Generated 3 sequences using ProGAN with HER2 comparison
2026-05-18 09:32:08,259 - __main__ - INFO - Applying personalization constraints...
2026-05-18 09:32:08,259 - variant_annotation - INFO - Generating personalized sequences...
2026-05-18 09:32:08,259 - variant_annotation - WARNING - Variant file not found: data\genomic_variants.vcf
2026-05-18 09:32:08,259 - variant_annotation - WARNING - No variant data available, returning base sequences
2026-05-18 09:32:08,259 - __main__ - INFO - Generating sequences for TNF_therapeutic
2026-05-18 09:32:08,277 - sequence_generation - INFO - Starting ProGAN sequence generation with HER2 comparison...
2026-05-18 09:32:08,277 - sequence_generation - INFO - Prepared 8 sequences for training
2026-05-18 09:32:08,769 - sequence_generation - INFO - Loaded trained ProGAN model from results\sequences\protein_progan.pth
2026-05-18 09:32:08,780 - sequence_generation - INFO - Generating 20 sequences with ProGAN
2026-05-18 09:32:08,804 - sequence_generation - INFO - Generated 1 valid sequences with ProGAN
2026-05-18 09:32:08,804 - sequence_generation - INFO - Applying personalization constraints...
2026-05-18 09:32:08,804 - sequence_generation - INFO - Applied personalization constraints to 1 sequences
2026-05-18 09:32:08,810 - sequence_generation - WARNING - No sequences passed filtering, using original generated sequences
2026-05-18 09:32:08,810 - sequence_generation - INFO - Comparing generated sequences with HER2 standard...
2026-05-18 09:32:08,810 - sequence_generation - INFO - Analyzing reaction of generated proteins with healthy proteins...
2026-05-18 09:32:08,815 - sequence_generation - INFO - Generated 1 sequences using ProGAN with HER2 comparison
2026-05-18 09:32:08,815 - __main__ - INFO - Applying personalization constraints...
2026-05-18 09:32:08,815 - variant_annotation - INFO - Generating personalized sequences...
2026-05-18 09:32:08,815 - variant_annotation - WARNING - Variant file not found: data\genomic_variants.vcf
2026-05-18 09:32:08,815 - variant_annotation - WARNING - No variant data available, returning base sequences
2026-05-18 09:32:08,815 - __main__ - INFO - Sequence generation completed for all targets
2026-05-18 19:53:25,819 - __main__ - INFO - Initializing pipeline stages...
2026-05-18 19:53:25,835 - __main__ - INFO - All pipeline stages initialized successfully
2026-05-18 19:53:25,835 - __main__ - INFO - Running partial pipeline: ['data_collection', 'data_preprocessing', 'sequence_generation']
2026-05-18 19:53:25,835 - __main__ - INFO - Starting data collection...
2026-05-18 19:53:25,835 - data_collection - INFO - Starting data collection process...
2026-05-18 19:53:25,835 - data_collection - INFO - Collecting sequences for all targets
2026-05-18 19:53:25,835 - data_collection - INFO - ERBB2-family file already exists: data\raw\ERBB2_family_uniprot.fasta
2026-05-18 19:53:26,687 - data_collection - INFO - Downloaded UniProt sequence: data\raw\HER2_therapeutic_uniprot.fasta
2026-05-18 19:53:27,348 - data_collection - INFO - Downloaded UniProt sequence: data\raw\TNF_therapeutic_uniprot.fasta
2026-05-18 19:53:27,354 - data_collection - INFO - Collecting PDB structures for all targets
2026-05-18 19:53:28,739 - data_collection - INFO - Downloaded PDB structure: data\raw\1N8Z.pdb
2026-05-18 19:53:29,412 - data_collection - INFO - Downloaded PDB structure: data\raw\1TNF.pdb
2026-05-18 19:53:29,427 - data_collection - INFO - Collecting AlphaFold structures for all targets
2026-05-18 19:53:30,021 - data_collection - WARNING - AlphaFold structure not found for HER2_therapeutic: https://alphafold.ebi.ac.uk/files/AF-P04626-F1-model_v4.pdb
2026-05-18 19:53:30,443 - data_collection - WARNING - AlphaFold structure not found for TNF_therapeutic: https://alphafold.ebi.ac.uk/files/AF-P01375-F1-model_v4.pdb
2026-05-18 19:53:30,458 - data_collection - INFO - Collecting related sequences for reference...
2026-05-18 19:53:30,458 - data_collection - INFO - Created related sequences file: data\raw\related_sequences.fasta
2026-05-18 19:53:30,458 - data_collection - INFO - Data collection completed. Collected 5 files.
2026-05-18 19:53:30,458 - __main__ - INFO - Data collection completed
2026-05-18 19:53:30,458 - __main__ - INFO - Starting data preprocessing...
2026-05-18 19:53:30,458 - data_preprocessing - INFO - Starting data preprocessing...
2026-05-18 19:53:30,521 - data_preprocessing - INFO - Loaded 400 sequences from data\raw\ERBB2_family_uniprot.fasta
2026-05-18 19:53:30,545 - data_preprocessing - INFO - Loaded 1 sequences from data\raw\HER2_therapeutic_uniprot.fasta
2026-05-18 19:53:30,561 - data_preprocessing - INFO - Loaded 3 sequences from data\raw\related_sequences.fasta
2026-05-18 19:53:30,561 - data_preprocessing - INFO - Loaded 1 sequences from data\raw\TNF_therapeutic_uniprot.fasta
2026-05-18 19:53:30,561 - data_preprocessing - INFO - Loaded 405 total sequences
2026-05-18 19:53:30,561 - data_preprocessing - INFO - Filtered 12/405 sequences by length
2026-05-18 19:53:30,561 - data_preprocessing - INFO - After length filter (30–1000 aa): 12/405 sequences retained
2026-05-18 19:53:30,561 - data_preprocessing - INFO - Removed duplicates: 12 -> 11 sequences
2026-05-18 19:53:30,598 - data_preprocessing - INFO - Creating deep learning datasets...
2026-05-18 19:53:30,613 - data_preprocessing - INFO - Created tensor dataset with shape: torch.Size([11, 512])
2026-05-18 19:53:30,613 - data_preprocessing - INFO - Saved tensor dataset: data\processed\protein_dataset.pt
2026-05-18 19:53:30,613 - data_preprocessing - INFO - Created DataLoader with 8 sequences
2026-05-18 19:53:30,613 - data_preprocessing - INFO - Created DataLoader with 3 sequences
2026-05-18 19:53:30,631 - data_preprocessing - INFO - Created tensor dataset with shape: torch.Size([8, 512])
2026-05-18 19:53:30,632 - data_preprocessing - INFO - Created tensor dataset with shape: torch.Size([3, 512])
2026-05-18 19:53:30,641 - data_preprocessing - INFO - Saved train/validation datasets
2026-05-18 19:53:30,641 - data_preprocessing - INFO - Preprocessing completed. Saved 11 sequences.
2026-05-18 19:53:30,647 - data_preprocessing - INFO - Starting structure preprocessing...
2026-05-18 19:53:30,832 - data_preprocessing - INFO - Processed structure: 1N8Z.pdb
2026-05-18 19:53:30,931 - data_preprocessing - INFO - Processed structure: 1TNF.pdb
2026-05-18 19:53:30,931 - __main__ - INFO - Data preprocessing completed
2026-05-18 19:53:30,947 - __main__ - INFO - Starting sequence generation...
2026-05-18 19:53:30,947 - __main__ - INFO - Generating sequences for HER2_therapeutic
2026-05-18 19:53:30,947 - sequence_generation - INFO - Starting ProGAN sequence generation with HER2 comparison...
2026-05-18 19:53:30,962 - sequence_generation - INFO - Prepared 8 sequences for training
2026-05-18 19:53:32,157 - sequence_generation - INFO - Loaded trained ProGAN model from results\sequences\protein_progan.pth
2026-05-18 19:53:32,173 - sequence_generation - INFO - Generating 20 sequences with ProGAN (min 100 aa)
2026-05-18 20:58:01,178 - __main__ - INFO - Initializing pipeline stages...
2026-05-18 20:58:01,197 - __main__ - INFO - All pipeline stages initialized successfully
2026-05-18 20:58:01,197 - __main__ - INFO - Running partial pipeline: ['data_collection', 'data_preprocessing', 'sequence_generation']
2026-05-18 20:58:01,197 - __main__ - INFO - Starting data collection...
2026-05-18 20:58:01,197 - data_collection - INFO - Starting data collection process...
2026-05-18 20:58:01,197 - data_collection - INFO - Collecting sequences for all targets
2026-05-18 20:58:01,197 - data_collection - INFO - ERBB2-family file already exists: data\raw\ERBB2_family_uniprot.fasta
2026-05-18 20:58:02,062 - data_collection - INFO - Downloaded UniProt sequence: data\raw\HER2_therapeutic_uniprot.fasta
2026-05-18 20:58:02,734 - data_collection - INFO - Downloaded UniProt sequence: data\raw\TNF_therapeutic_uniprot.fasta
2026-05-18 20:58:02,737 - data_collection - INFO - Collecting PDB structures for all targets
2026-05-18 20:58:04,279 - data_collection - INFO - Downloaded PDB structure: data\raw\1N8Z.pdb
2026-05-18 20:58:04,988 - data_collection - INFO - Downloaded PDB structure: data\raw\1TNF.pdb
2026-05-18 20:58:04,992 - data_collection - INFO - Collecting AlphaFold structures for all targets
2026-05-18 20:58:05,423 - data_collection - WARNING - AlphaFold structure not found for HER2_therapeutic: https://alphafold.ebi.ac.uk/files/AF-P04626-F1-model_v4.pdb
2026-05-18 20:58:05,869 - data_collection - WARNING - AlphaFold structure not found for TNF_therapeutic: https://alphafold.ebi.ac.uk/files/AF-P01375-F1-model_v4.pdb
2026-05-18 20:58:05,873 - data_collection - INFO - Collecting related sequences for reference...
2026-05-18 20:58:05,874 - data_collection - INFO - Created related sequences file: data\raw\related_sequences.fasta
2026-05-18 20:58:05,876 - data_collection - INFO - Data collection completed. Collected 5 files.
2026-05-18 20:58:05,876 - __main__ - INFO - Data collection completed
2026-05-18 20:58:05,876 - __main__ - INFO - Starting data preprocessing...
2026-05-18 20:58:05,876 - data_preprocessing - INFO - Starting data preprocessing...
2026-05-18 20:58:05,944 - data_preprocessing - INFO - Loaded 400 sequences from data\raw\ERBB2_family_uniprot.fasta
2026-05-18 20:58:05,947 - data_preprocessing - INFO - Loaded 1 sequences from data\raw\HER2_therapeutic_uniprot.fasta
2026-05-18 20:58:05,949 - data_preprocessing - INFO - Loaded 3 sequences from data\raw\related_sequences.fasta
2026-05-18 20:58:05,952 - data_preprocessing - INFO - Loaded 1 sequences from data\raw\TNF_therapeutic_uniprot.fasta
2026-05-18 20:58:05,952 - data_preprocessing - INFO - Loaded 405 total sequences
2026-05-18 20:58:05,952 - data_preprocessing - INFO - Filtered 12/405 sequences by length
2026-05-18 20:58:05,953 - data_preprocessing - INFO - After length filter (30–1000 aa): 12/405 sequences retained
2026-05-18 20:58:05,953 - data_preprocessing - INFO - Removed duplicates: 12 -> 11 sequences
2026-05-18 20:58:05,982 - data_preprocessing - INFO - Creating deep learning datasets...
2026-05-18 20:58:05,984 - data_preprocessing - INFO - Created tensor dataset with shape: torch.Size([11, 512])
2026-05-18 20:58:05,993 - data_preprocessing - INFO - Saved tensor dataset: data\processed\protein_dataset.pt
2026-05-18 20:58:05,994 - data_preprocessing - INFO - Created DataLoader with 8 sequences
2026-05-18 20:58:05,995 - data_preprocessing - INFO - Created DataLoader with 3 sequences
2026-05-18 20:58:05,996 - data_preprocessing - INFO - Created tensor dataset with shape: torch.Size([8, 512])
2026-05-18 20:58:05,997 - data_preprocessing - INFO - Created tensor dataset with shape: torch.Size([3, 512])
2026-05-18 20:58:06,001 - data_preprocessing - INFO - Saved train/validation datasets
2026-05-18 20:58:06,007 - data_preprocessing - INFO - Preprocessing completed. Saved 11 sequences.
2026-05-18 20:58:06,007 - data_preprocessing - INFO - Starting structure preprocessing...
2026-05-18 20:58:06,165 - data_preprocessing - INFO - Processed structure: 1N8Z.pdb
2026-05-18 20:58:06,280 - data_preprocessing - INFO - Processed structure: 1TNF.pdb
2026-05-18 20:58:06,280 - __main__ - INFO - Data preprocessing completed
2026-05-18 20:58:06,280 - __main__ - INFO - Starting sequence generation...
2026-05-18 20:58:06,280 - __main__ - INFO - Generating sequences for HER2_therapeutic
2026-05-18 20:58:06,281 - sequence_generation - INFO - Starting ProGAN sequence generation with HER2 comparison...
2026-05-18 20:58:06,284 - sequence_generation - INFO - Prepared 8 sequences for training
2026-05-18 20:58:07,554 - sequence_generation - INFO - Loaded trained ProGAN model from results\sequences\protein_progan.pth
2026-05-18 20:58:07,569 - sequence_generation - INFO - Generating 20 sequences with ProGAN (min 100 aa)
2026-05-18 20:58:07,650 - sequence_generation - INFO - Rejection-sampling attempt 1: 1/20 pass. Retrying…
2026-05-18 20:58:07,694 - sequence_generation - INFO - Rejection-sampling attempt 2: 1/20 pass. Retrying…
2026-05-18 20:58:07,729 - sequence_generation - INFO - Rejection-sampling attempt 3: 3/20 pass. Retrying…
2026-05-18 20:58:07,770 - sequence_generation - INFO - Rejection-sampling attempt 4: 3/20 pass. Retrying…
2026-05-18 20:58:07,810 - sequence_generation - INFO - Rejection-sampling attempt 5: 3/20 pass. Retrying…
2026-05-18 20:58:07,810 - sequence_generation - WARNING - Rejection sampling exhausted after 5 attempts; returning 3 sequences (target was 20).
2026-05-18 20:58:07,810 - sequence_generation - INFO - Applying personalization constraints...
2026-05-18 20:58:07,813 - sequence_generation - INFO - Applied personalization constraints to 3 sequences
2026-05-18 20:58:07,813 - sequence_generation - INFO - Comparing generated sequences with HER2 standard...
2026-05-18 20:58:07,814 - sequence_generation - INFO - Analyzing reaction of generated proteins with healthy proteins...
2026-05-18 20:58:07,824 - sequence_generation - INFO - Generated 3 sequences using ProGAN with HER2 comparison
2026-05-18 20:58:07,824 - __main__ - INFO - Applying personalization constraints...
2026-05-18 20:58:07,824 - variant_annotation - INFO - Generating personalized sequences...
2026-05-18 20:58:07,825 - variant_annotation - WARNING - Variant file not found: data\genomic_variants.vcf
2026-05-18 20:58:07,825 - variant_annotation - WARNING - No variant data available, returning base sequences
2026-05-18 20:58:07,825 - __main__ - INFO - Generating sequences for TNF_therapeutic
2026-05-18 20:58:07,840 - sequence_generation - INFO - Starting ProGAN sequence generation with HER2 comparison...
2026-05-18 20:58:07,844 - sequence_generation - INFO - Prepared 8 sequences for training
2026-05-18 20:58:08,246 - sequence_generation - INFO - Loaded trained ProGAN model from results\sequences\protein_progan.pth
2026-05-18 20:58:08,263 - sequence_generation - INFO - Generating 20 sequences with ProGAN (min 100 aa)
2026-05-18 20:58:08,312 - sequence_generation - INFO - Rejection-sampling attempt 1: 1/20 pass. Retrying…
2026-05-18 20:58:08,349 - sequence_generation - INFO - Rejection-sampling attempt 2: 1/20 pass. Retrying…
2026-05-18 20:58:08,386 - sequence_generation - INFO - Rejection-sampling attempt 3: 2/20 pass. Retrying…
2026-05-18 20:58:08,428 - sequence_generation - INFO - Rejection-sampling attempt 4: 4/20 pass. Retrying…
2026-05-18 20:58:08,467 - sequence_generation - INFO - Rejection-sampling attempt 5: 5/20 pass. Retrying…
2026-05-18 20:58:08,467 - sequence_generation - WARNING - Rejection sampling exhausted after 5 attempts; returning 5 sequences (target was 20).
2026-05-18 20:58:08,467 - sequence_generation - INFO - Applying personalization constraints...
2026-05-18 20:58:08,467 - sequence_generation - INFO - Applied personalization constraints to 5 sequences
2026-05-18 20:58:08,467 - sequence_generation - INFO - Comparing generated sequences with HER2 standard...
2026-05-18 20:58:08,471 - sequence_generation - INFO - Analyzing reaction of generated proteins with healthy proteins...
2026-05-18 20:58:08,482 - sequence_generation - INFO - Generated 5 sequences using ProGAN with HER2 comparison
2026-05-18 20:58:08,482 - __main__ - INFO - Applying personalization constraints...
2026-05-18 20:58:08,482 - variant_annotation - INFO - Generating personalized sequences...
2026-05-18 20:58:08,483 - variant_annotation - WARNING - Variant file not found: data\genomic_variants.vcf
2026-05-18 20:58:08,483 - variant_annotation - WARNING - No variant data available, returning base sequences
2026-05-18 20:58:08,483 - __main__ - INFO - Sequence generation completed for all targets
2026-05-18 22:07:16,863 - __main__ - INFO - Initializing pipeline stages...
2026-05-18 22:07:16,869 - __main__ - INFO - All pipeline stages initialized successfully
2026-05-18 22:07:16,870 - __main__ - INFO - Running partial pipeline: ['structure_prediction']
2026-05-18 22:07:16,870 - __main__ - INFO - Starting structure prediction...
2026-05-18 22:07:16,870 - structure_prediction - INFO - Starting structure prediction...
2026-05-18 22:07:16,892 - structure_prediction - INFO - Loaded 5 sequences for structure prediction
2026-05-18 22:07:16,893 - structure_prediction - WARNING - ESMFold not available, using mock prediction
2026-05-18 22:07:16,893 - structure_prediction - INFO - Creating mock prediction for GEN_0001
2026-05-18 22:07:16,949 - structure_prediction - WARNING - ESMFold not available, using mock prediction
2026-05-18 22:07:16,949 - structure_prediction - INFO - Creating mock prediction for GEN_0002
2026-05-18 22:07:16,962 - structure_prediction - WARNING - ESMFold not available, using mock prediction
2026-05-18 22:07:16,963 - structure_prediction - INFO - Creating mock prediction for GEN_0003
2026-05-18 22:07:16,966 - structure_prediction - WARNING - ESMFold not available, using mock prediction
2026-05-18 22:07:16,966 - structure_prediction - INFO - Creating mock prediction for GEN_0004
2026-05-18 22:07:16,968 - structure_prediction - WARNING - ESMFold not available, using mock prediction
2026-05-18 22:07:16,968 - structure_prediction - INFO - Creating mock prediction for GEN_0005
2026-05-18 22:07:16,971 - structure_prediction - INFO - High confidence structures: 0
2026-05-18 22:07:16,972 - structure_prediction - INFO - Low confidence structures: 5
2026-05-18 22:07:16,972 - structure_prediction - ERROR - 5 sequence(s) produced pLDDT < 75.0. These structures are scientifically unreliable and must NOT be passed to docking.
2026-05-18 22:07:16,972 - structure_prediction - ERROR - No high-confidence structures were produced. Pipeline must halt here – do not pass empty / zero-confidence structures to the docking stage.
2026-05-18 22:07:16,972 - __main__ - ERROR - Structure prediction failed (pLDDT = 0 or validation failed). Error: No high-confidence structures produced. Pipeline halting – do not proceed to docking.
2026-05-19 18:56:18,737 - __main__ - INFO - Initializing pipeline stages...
2026-05-19 18:56:18,752 - __main__ - INFO - All pipeline stages initialized successfully
2026-05-19 18:56:18,752 - __main__ - INFO - Running partial pipeline: ['structure_prediction', 'docking_analysis', 'stability_analysis', 'developability_assessment']
2026-05-19 18:56:18,752 - __main__ - INFO - Starting structure prediction...
2026-05-19 18:56:18,752 - structure_prediction - INFO - Starting structure prediction...
2026-05-19 18:56:18,784 - structure_prediction - INFO - Loaded 5 sequences for structure prediction
2026-05-19 18:56:18,784 - structure_prediction - WARNING - ESMFold not available, using mock prediction
2026-05-19 18:56:18,784 - structure_prediction - INFO - Creating mock prediction for GEN_0001
2026-05-19 18:56:18,799 - structure_prediction - WARNING - ESMFold not available, using mock prediction
2026-05-19 18:56:18,799 - structure_prediction - INFO - Creating mock prediction for GEN_0002
2026-05-19 18:56:18,815 - structure_prediction - WARNING - ESMFold not available, using mock prediction
2026-05-19 18:56:18,815 - structure_prediction - INFO - Creating mock prediction for GEN_0003
2026-05-19 18:56:18,815 - structure_prediction - WARNING - ESMFold not available, using mock prediction
2026-05-19 18:56:18,815 - structure_prediction - INFO - Creating mock prediction for GEN_0004
2026-05-19 18:56:18,815 - structure_prediction - WARNING - ESMFold not available, using mock prediction
2026-05-19 18:56:18,815 - structure_prediction - INFO - Creating mock prediction for GEN_0005
2026-05-19 18:56:18,830 - structure_prediction - INFO - High confidence structures: 0
2026-05-19 18:56:18,830 - structure_prediction - INFO - Low confidence structures: 5
2026-05-19 18:56:18,830 - structure_prediction - ERROR - 5 sequence(s) produced pLDDT < 75.0. These structures are scientifically unreliable and must NOT be passed to docking.
2026-05-19 18:56:18,830 - structure_prediction - ERROR - No high-confidence structures were produced. Pipeline must halt here – do not pass empty / zero-confidence structures to the docking stage.
2026-05-19 18:56:18,830 - __main__ - ERROR - Structure prediction failed (pLDDT = 0 or validation failed). Error: No high-confidence structures produced. Pipeline halting – do not proceed to docking.
2026-05-19 19:40:42,993 - __main__ - INFO - Initializing pipeline stages...
2026-05-19 19:40:43,009 - __main__ - INFO - All pipeline stages initialized successfully
2026-05-19 19:40:43,009 - __main__ - INFO - Starting full AI Protein Design Pipeline...
2026-05-19 19:40:43,009 - __main__ - INFO - Starting data collection...
2026-05-19 19:40:43,009 - data_collection - INFO - Starting data collection process...
2026-05-19 19:40:43,009 - data_collection - INFO - Collecting sequences for all targets
2026-05-19 19:40:43,043 - data_collection - INFO - ERBB2-family file already exists: data\raw\ERBB2_family_uniprot.fasta
2026-05-19 19:40:43,947 - data_collection - INFO - Downloaded UniProt sequence: data\raw\HER2_therapeutic_uniprot.fasta
2026-05-19 19:40:44,733 - data_collection - INFO - Downloaded UniProt sequence: data\raw\TNF_therapeutic_uniprot.fasta
2026-05-19 19:40:44,733 - data_collection - INFO - Collecting PDB structures for all targets
2026-05-19 19:40:45,532 - data_collection - INFO - Downloaded PDB structure: data\raw\1N8Z.pdb
2026-05-19 19:40:46,756 - data_collection - INFO - Downloaded PDB structure: data\raw\1TNF.pdb
2026-05-19 19:40:46,772 - data_collection - INFO - Collecting AlphaFold structures for all targets
2026-05-19 19:40:47,261 - data_collection - WARNING - AlphaFold structure not found for HER2_therapeutic: https://alphafold.ebi.ac.uk/files/AF-P04626-F1-model_v4.pdb
2026-05-19 19:40:47,808 - data_collection - WARNING - AlphaFold structure not found for TNF_therapeutic: https://alphafold.ebi.ac.uk/files/AF-P01375-F1-model_v4.pdb
2026-05-19 19:40:47,808 - data_collection - INFO - Collecting related sequences for reference...
2026-05-19 19:40:47,808 - data_collection - INFO - Created related sequences file: data\raw\related_sequences.fasta
2026-05-19 19:40:47,819 - data_collection - INFO - Data collection completed. Collected 5 files.
2026-05-19 19:40:47,820 - __main__ - INFO - Data collection completed
2026-05-19 19:40:47,821 - __main__ - INFO - Starting data preprocessing...
2026-05-19 19:40:47,822 - data_preprocessing - INFO - Starting data preprocessing...
2026-05-19 19:40:47,900 - data_preprocessing - INFO - Loaded 400 sequences from data\raw\ERBB2_family_uniprot.fasta
2026-05-19 19:40:47,908 - data_preprocessing - INFO - Loaded 1 sequences from data\raw\HER2_therapeutic_uniprot.fasta
2026-05-19 19:40:47,918 - data_preprocessing - INFO - Loaded 3 sequences from data\raw\related_sequences.fasta
2026-05-19 19:40:47,927 - data_preprocessing - INFO - Loaded 1 sequences from data\raw\TNF_therapeutic_uniprot.fasta
2026-05-19 19:40:47,927 - data_preprocessing - INFO - Loaded 405 total sequences
2026-05-19 19:40:47,927 - data_preprocessing - INFO - Filtered 12/405 sequences by length
2026-05-19 19:40:47,927 - data_preprocessing - INFO - After length filter (30–1000 aa): 12/405 sequences retained
2026-05-19 19:40:47,944 - data_preprocessing - INFO - Removed duplicates: 12 -> 11 sequences
2026-05-19 19:40:47,968 - data_preprocessing - INFO - Creating deep learning datasets...
2026-05-19 19:40:47,979 - data_preprocessing - INFO - Created tensor dataset with shape: torch.Size([11, 512])
2026-05-19 19:40:47,995 - data_preprocessing - INFO - Saved tensor dataset: data\processed\protein_dataset.pt
2026-05-19 19:40:47,995 - data_preprocessing - INFO - Created DataLoader with 8 sequences
2026-05-19 19:40:47,996 - data_preprocessing - INFO - Created DataLoader with 3 sequences
2026-05-19 19:40:47,997 - data_preprocessing - INFO - Created tensor dataset with shape: torch.Size([8, 512])
2026-05-19 19:40:47,998 - data_preprocessing - INFO - Created tensor dataset with shape: torch.Size([3, 512])
2026-05-19 19:40:48,002 - data_preprocessing - INFO - Saved train/validation datasets
2026-05-19 19:40:48,006 - data_preprocessing - INFO - Preprocessing completed. Saved 11 sequences.
2026-05-19 19:40:48,008 - data_preprocessing - INFO - Starting structure preprocessing...
2026-05-19 19:40:48,178 - data_preprocessing - INFO - Processed structure: 1N8Z.pdb
2026-05-19 19:40:48,243 - data_preprocessing - INFO - Processed structure: 1TNF.pdb
2026-05-19 19:40:48,243 - __main__ - INFO - Data preprocessing completed
2026-05-19 19:40:48,243 - __main__ - INFO - Starting sequence generation...
2026-05-19 19:40:48,243 - __main__ - INFO - Generating sequences for HER2_therapeutic
2026-05-19 19:40:48,243 - sequence_generation - INFO - Starting ProGAN sequence generation with HER2 comparison...
2026-05-19 19:40:48,243 - sequence_generation - INFO - Prepared 8 sequences for training
2026-05-19 19:40:49,378 - sequence_generation - INFO - Loaded trained ProGAN model from results\sequences\protein_progan.pth
2026-05-19 19:40:49,378 - sequence_generation - INFO - Generating 20 sequences with ProGAN (min 100 aa)
2026-05-19 19:40:49,456 - sequence_generation - INFO - Rejection-sampling attempt 1: 0/20 pass. Retrying…
2026-05-19 19:40:49,477 - sequence_generation - INFO - Rejection-sampling attempt 2: 0/20 pass. Retrying…
2026-05-19 19:40:49,502 - sequence_generation - INFO - Rejection-sampling attempt 3: 0/20 pass. Retrying…
2026-05-19 19:40:49,531 - sequence_generation - INFO - Rejection-sampling attempt 4: 0/20 pass. Retrying…
2026-05-19 19:40:49,547 - sequence_generation - INFO - Rejection-sampling attempt 5: 0/20 pass. Retrying…
2026-05-19 19:40:49,547 - sequence_generation - WARNING - Rejection sampling exhausted after 5 attempts; returning 0 sequences (target was 20).
2026-05-19 19:40:49,547 - sequence_generation - WARNING - ProGAN generation failed, using fallback method
2026-05-19 19:40:49,547 - __main__ - ERROR - Pipeline failed with error: 'SequenceGenerator' object has no attribute 'load_reference_sequences'
2026-05-19 19:56:45,140 - __main__ - INFO - Initializing pipeline stages...
2026-05-19 19:56:45,156 - __main__ - INFO - All pipeline stages initialized successfully
2026-05-19 19:56:45,156 - __main__ - INFO - Starting full AI Protein Design Pipeline...
2026-05-19 19:56:45,156 - __main__ - INFO - Starting data collection...
2026-05-19 19:56:45,156 - data_collection - INFO - Starting data collection process...
2026-05-19 19:56:45,156 - data_collection - INFO - Collecting sequences for all targets
2026-05-19 19:56:45,156 - data_collection - INFO - ERBB2-family file already exists: data\raw\ERBB2_family_uniprot.fasta
2026-05-19 19:56:46,003 - data_collection - INFO - Downloaded UniProt sequence: data\raw\HER2_therapeutic_uniprot.fasta
2026-05-19 19:56:46,737 - data_collection - INFO - Downloaded UniProt sequence: data\raw\TNF_therapeutic_uniprot.fasta
2026-05-19 19:56:46,740 - data_collection - INFO - Collecting PDB structures for all targets
2026-05-19 19:56:47,650 - data_collection - INFO - Downloaded PDB structure: data\raw\1N8Z.pdb
2026-05-19 19:56:47,996 - data_collection - INFO - Downloaded PDB structure: data\raw\1TNF.pdb
2026-05-19 19:56:47,999 - data_collection - INFO - Collecting AlphaFold structures for all targets
2026-05-19 19:56:48,575 - data_collection - WARNING - AlphaFold structure not found for HER2_therapeutic: https://alphafold.ebi.ac.uk/files/AF-P04626-F1-model_v4.pdb
2026-05-19 19:56:49,001 - data_collection - WARNING - AlphaFold structure not found for TNF_therapeutic: https://alphafold.ebi.ac.uk/files/AF-P01375-F1-model_v4.pdb
2026-05-19 19:56:49,001 - data_collection - INFO - Collecting related sequences for reference...
2026-05-19 19:56:49,007 - data_collection - INFO - Created related sequences file: data\raw\related_sequences.fasta
2026-05-19 19:56:49,008 - data_collection - INFO - Data collection completed. Collected 5 files.
2026-05-19 19:56:49,008 - __main__ - INFO - Data collection completed
2026-05-19 19:56:49,009 - __main__ - INFO - Starting data preprocessing...
2026-05-19 19:56:49,009 - data_preprocessing - INFO - Starting data preprocessing...
2026-05-19 19:56:49,020 - data_preprocessing - INFO - Loaded 400 sequences from data\raw\ERBB2_family_uniprot.fasta
2026-05-19 19:56:49,022 - data_preprocessing - INFO - Loaded 1 sequences from data\raw\HER2_therapeutic_uniprot.fasta
2026-05-19 19:56:49,025 - data_preprocessing - INFO - Loaded 3 sequences from data\raw\related_sequences.fasta
2026-05-19 19:56:49,027 - data_preprocessing - INFO - Loaded 1 sequences from data\raw\TNF_therapeutic_uniprot.fasta
2026-05-19 19:56:49,028 - data_preprocessing - INFO - Loaded 405 total sequences
2026-05-19 19:56:49,028 - data_preprocessing - INFO - Filtered 12/405 sequences by length
2026-05-19 19:56:49,028 - data_preprocessing - INFO - After length filter (30–1000 aa): 12/405 sequences retained
2026-05-19 19:56:49,028 - data_preprocessing - INFO - Removed duplicates: 12 -> 11 sequences
2026-05-19 19:56:49,045 - data_preprocessing - INFO - Creating deep learning datasets...
2026-05-19 19:56:49,050 - data_preprocessing - INFO - Created tensor dataset with shape: torch.Size([11, 512])
2026-05-19 19:56:49,051 - data_preprocessing - INFO - Saved tensor dataset: data\processed\protein_dataset.pt
2026-05-19 19:56:49,051 - data_preprocessing - INFO - Created DataLoader with 8 sequences
2026-05-19 19:56:49,051 - data_preprocessing - INFO - Created DataLoader with 3 sequences
2026-05-19 19:56:49,057 - data_preprocessing - INFO - Created tensor dataset with shape: torch.Size([8, 512])
2026-05-19 19:56:49,058 - data_preprocessing - INFO - Created tensor dataset with shape: torch.Size([3, 512])
2026-05-19 19:56:49,062 - data_preprocessing - INFO - Saved train/validation datasets
2026-05-19 19:56:49,063 - data_preprocessing - INFO - Preprocessing completed. Saved 11 sequences.
2026-05-19 19:56:49,064 - data_preprocessing - INFO - Starting structure preprocessing...
2026-05-19 19:56:49,209 - data_preprocessing - INFO - Processed structure: 1N8Z.pdb
2026-05-19 19:56:49,292 - data_preprocessing - INFO - Processed structure: 1TNF.pdb
2026-05-19 19:56:49,292 - __main__ - INFO - Data preprocessing completed
2026-05-19 19:56:49,292 - __main__ - INFO - Starting sequence generation...
2026-05-19 19:56:49,292 - __main__ - INFO - Generating sequences for HER2_therapeutic
2026-05-19 19:56:49,292 - sequence_generation - INFO - Starting ProGAN sequence generation with HER2 comparison...
2026-05-19 19:56:49,310 - sequence_generation - INFO - Prepared 8 sequences for training
2026-05-19 19:56:49,780 - sequence_generation - INFO - Loaded trained ProGAN model from results\sequences\protein_progan.pth
2026-05-19 19:56:49,791 - sequence_generation - INFO - Generating 20 sequences with ProGAN (min 100 aa)
2026-05-19 19:56:49,862 - sequence_generation - INFO - Rejection-sampling attempt 1: 0/20 pass. Retrying…
2026-05-19 19:56:49,926 - sequence_generation - INFO - Rejection-sampling attempt 2: 1/20 pass. Retrying…
2026-05-19 19:56:49,977 - sequence_generation - INFO - Rejection-sampling attempt 3: 2/20 pass. Retrying…
2026-05-19 19:56:50,008 - sequence_generation - INFO - Rejection-sampling attempt 4: 2/20 pass. Retrying…
2026-05-19 19:56:50,065 - sequence_generation - INFO - Rejection-sampling attempt 5: 2/20 pass. Retrying…
2026-05-19 19:56:50,066 - sequence_generation - WARNING - Rejection sampling exhausted after 5 attempts; returning 2 sequences (target was 20).
2026-05-19 19:56:50,066 - sequence_generation - INFO - Applying personalization constraints...
2026-05-19 19:56:50,067 - sequence_generation - INFO - Applied personalization constraints to 2 sequences
2026-05-19 19:56:50,067 - sequence_generation - INFO - Comparing generated sequences with HER2 standard...
2026-05-19 19:56:50,068 - sequence_generation - INFO - Analyzing reaction of generated proteins with healthy proteins...
2026-05-19 19:56:50,076 - sequence_generation - INFO - Generated 2 sequences using ProGAN with HER2 comparison
2026-05-19 19:56:50,076 - __main__ - INFO - Applying personalization constraints...
2026-05-19 19:56:50,076 - variant_annotation - INFO - Generating personalized sequences...
2026-05-19 19:56:50,076 - variant_annotation - WARNING - Variant file not found: data\genomic_variants.vcf
2026-05-19 19:56:50,076 - variant_annotation - WARNING - No variant data available, returning base sequences
2026-05-19 19:56:50,076 - __main__ - INFO - Generating sequences for TNF_therapeutic
2026-05-19 19:56:50,093 - sequence_generation - INFO - Starting ProGAN sequence generation with HER2 comparison...
2026-05-19 19:56:50,095 - sequence_generation - INFO - Prepared 8 sequences for training
2026-05-19 19:56:50,497 - sequence_generation - INFO - Loaded trained ProGAN model from results\sequences\protein_progan.pth
2026-05-19 19:56:50,512 - sequence_generation - INFO - Generating 20 sequences with ProGAN (min 100 aa)
2026-05-19 19:56:50,559 - sequence_generation - INFO - Rejection-sampling attempt 1: 0/20 pass. Retrying…
2026-05-19 19:56:50,602 - sequence_generation - INFO - Rejection-sampling attempt 2: 0/20 pass. Retrying…
2026-05-19 19:56:50,635 - sequence_generation - INFO - Rejection-sampling attempt 3: 0/20 pass. Retrying…
2026-05-19 19:56:50,686 - sequence_generation - INFO - Rejection-sampling attempt 4: 1/20 pass. Retrying…
2026-05-19 19:56:50,728 - sequence_generation - INFO - Rejection-sampling attempt 5: 3/20 pass. Retrying…
2026-05-19 19:56:50,728 - sequence_generation - WARNING - Rejection sampling exhausted after 5 attempts; returning 3 sequences (target was 20).
2026-05-19 19:56:50,728 - sequence_generation - INFO - Applying personalization constraints...
2026-05-19 19:56:50,728 - sequence_generation - INFO - Applied personalization constraints to 3 sequences
2026-05-19 19:56:50,728 - sequence_generation - INFO - Comparing generated sequences with HER2 standard...
2026-05-19 19:56:50,728 - sequence_generation - INFO - Analyzing reaction of generated proteins with healthy proteins...
2026-05-19 19:56:50,745 - sequence_generation - INFO - Generated 3 sequences using ProGAN with HER2 comparison
2026-05-19 19:56:50,745 - __main__ - INFO - Applying personalization constraints...
2026-05-19 19:56:50,745 - variant_annotation - INFO - Generating personalized sequences...
2026-05-19 19:56:50,746 - variant_annotation - WARNING - Variant file not found: data\genomic_variants.vcf
2026-05-19 19:56:50,746 - variant_annotation - WARNING - No variant data available, returning base sequences
2026-05-19 19:56:50,746 - __main__ - INFO - Sequence generation completed for all targets
2026-05-19 19:56:50,758 - __main__ - INFO - Starting structure prediction...
2026-05-19 19:56:50,758 - structure_prediction - INFO - Starting structure prediction...
2026-05-19 19:56:50,775 - structure_prediction - INFO - Loaded 3 sequences for structure prediction
2026-05-19 19:56:50,776 - structure_prediction - WARNING - ESMFold not available, using mock prediction
2026-05-19 19:56:50,776 - structure_prediction - INFO - Creating mock prediction for GEN_0001
2026-05-19 19:56:50,778 - structure_prediction - WARNING - ESMFold not available, using mock prediction
2026-05-19 19:56:50,778 - structure_prediction - INFO - Creating mock prediction for GEN_0002
2026-05-19 19:56:50,780 - structure_prediction - WARNING - ESMFold not available, using mock prediction
2026-05-19 19:56:50,780 - structure_prediction - INFO - Creating mock prediction for GEN_0003
2026-05-19 19:56:50,783 - structure_prediction - INFO - High confidence structures: 3
2026-05-19 19:56:50,784 - structure_prediction - INFO - Low confidence structures: 0
2026-05-19 19:56:50,784 - structure_prediction - INFO - Structure prediction completed. 3 high-confidence structures.
2026-05-19 19:56:50,784 - __main__ - INFO - Structure prediction completed
2026-05-19 19:56:50,784 - __main__ - INFO - Starting docking analysis...
2026-05-19 19:56:50,784 - docking - INFO - Starting docking analysis...
2026-05-19 19:56:50,784 - docking - INFO - Using target structure: data\processed\1N8Z.pdb
2026-05-19 19:56:50,816 - docking - WARNING - Skipping GEN_0004_esmfold: no passing confidence score on record – structure must pass the quality gate before docking.
2026-05-19 19:56:50,816 - docking - WARNING - Skipping GEN_0005_esmfold: no passing confidence score on record – structure must pass the quality gate before docking.
2026-05-19 19:56:50,816 - docking - INFO - Loaded 3 ligand structures (after confidence gate)
2026-05-19 19:56:50,816 - docking - INFO - Prepared target 1N8Z for docking
2026-05-19 19:56:50,816 - docking - INFO - Prepared ligand GEN_0001_esmfold for docking
2026-05-19 19:56:50,816 - docking - INFO - Docking completed for GEN_0001_esmfold: -8.37 kcal/mol
2026-05-19 19:56:50,816 - docking - INFO - Prepared ligand GEN_0002_esmfold for docking
2026-05-19 19:56:50,816 - docking - INFO - Docking completed for GEN_0002_esmfold: -5.80 kcal/mol
2026-05-19 19:56:50,816 - docking - INFO - Prepared ligand GEN_0003_esmfold for docking
2026-05-19 19:56:50,816 - docking - INFO - Docking completed for GEN_0003_esmfold: -10.24 kcal/mol
2026-05-19 19:56:50,838 - docking - INFO - Docking analysis completed. 3 docking runs performed.
2026-05-19 19:56:50,838 - __main__ - INFO - Docking analysis completed
2026-05-19 19:56:50,838 - __main__ - INFO - Starting stability analysis...
2026-05-19 19:56:50,838 - stability_analysis - INFO - Starting stability analysis...
2026-05-19 19:56:50,861 - stability_analysis - INFO - Loaded 3 top binders for stability analysis
2026-05-19 19:56:50,862 - stability_analysis - INFO - Running stability proxy analysis for GEN_0003_esmfold
2026-05-19 19:56:50,862 - stability_analysis - INFO - Stability proxy analysis completed for GEN_0003_esmfold
2026-05-19 19:56:50,862 - stability_analysis - INFO - Running stability proxy analysis for GEN_0001_esmfold
2026-05-19 19:56:50,862 - stability_analysis - INFO - Stability proxy analysis completed for GEN_0001_esmfold
2026-05-19 19:56:50,862 - stability_analysis - INFO - Running stability proxy analysis for GEN_0002_esmfold
2026-05-19 19:56:50,863 - stability_analysis - INFO - Stability proxy analysis completed for GEN_0002_esmfold
2026-05-19 19:56:50,875 - stability_analysis - INFO - Stability analysis completed. 3 structures analyzed.
2026-05-19 19:56:50,876 - __main__ - INFO - Stability analysis completed
2026-05-19 19:56:50,876 - __main__ - INFO - Starting developability assessment...
2026-05-19 19:56:50,876 - developability - INFO - Starting developability assessment...
2026-05-19 19:56:50,892 - developability - INFO - Loaded 2 stable candidates for developability assessment
2026-05-19 19:56:50,892 - developability - WARNING - Sequence length 0 is too short for reliable solubility scoring – returning mid-range score and flagging for review.
2026-05-19 19:56:50,892 - developability - WARNING - Sequence length 0 is too short for reliable aggregation prediction – returning safe mid-range score and flagging for review.
2026-05-19 19:56:50,892 - developability - ERROR - Error assessing manufacturability: division by zero
2026-05-19 19:56:50,892 - developability - INFO - Assessed GEN_0003_esmfold: moderate
2026-05-19 19:56:50,892 - developability - WARNING - Sequence length 0 is too short for reliable solubility scoring – returning mid-range score and flagging for review.
2026-05-19 19:56:50,892 - developability - WARNING - Sequence length 0 is too short for reliable aggregation prediction – returning safe mid-range score and flagging for review.
2026-05-19 19:56:50,892 - developability - ERROR - Error assessing manufacturability: division by zero
2026-05-19 19:56:50,892 - developability - INFO - Assessed GEN_0002_esmfold: moderate
2026-05-19 19:56:50,892 - developability - INFO - Developability assessment completed. 2 candidates assessed.
2026-05-19 19:56:50,892 - __main__ - INFO - Developability assessment completed
2026-05-19 19:56:50,892 - __main__ - INFO - Starting HER2 comparison and healthy protein reaction analysis...
2026-05-19 19:56:50,892 - her2_comparison_analysis - INFO - Starting HER2 comparison analysis...
2026-05-19 19:56:50,892 - her2_comparison_analysis - INFO - HER2 comparison results saved to results\reports\her2_comparison_results.csv
2026-05-19 19:56:50,892 - her2_comparison_analysis - INFO - Starting healthy protein reaction analysis...
2026-05-19 19:56:50,892 - her2_comparison_analysis - INFO - Analyzing healthy protein reactions for HER2_therapeutic sequences...
2026-05-19 19:56:50,892 - her2_comparison_analysis - INFO - Analyzing healthy protein reactions for TNF_therapeutic sequences...
2026-05-19 19:56:50,911 - her2_comparison_analysis - INFO - Healthy protein reaction results saved to results\reports\healthy_protein_reaction_results.csv
2026-05-19 19:56:50,912 - her2_comparison_analysis - INFO - Summary report saved to results\reports\her2_healthy_protein_analysis_report.txt
2026-05-19 19:56:50,912 - __main__ - INFO - HER2 comparison and healthy protein reaction analysis completed
2026-05-19 19:56:50,912 - __main__ - INFO - Running scientific validation...
2026-05-19 19:56:50,939 - scientific_validation - INFO - Starting scientific validation...
2026-05-19 19:56:50,939 - scientific_validation - INFO - Running baseline comparison...
2026-05-19 19:56:50,942 - scientific_validation - INFO - Scientific validation completed
2026-05-19 19:56:50,942 - __main__ - INFO - Scientific validation completed
2026-05-19 19:56:50,942 - __main__ - INFO - Starting report generation...
2026-05-19 19:56:50,942 - reporting - INFO - Generating comprehensive pipeline report with complete combined reports...
2026-05-19 19:56:50,942 - reporting - INFO - Generating complete combined reports...
2026-05-19 19:56:50,942 - reporting - INFO - Creating visualizations...
2026-05-19 19:56:55,828 - __main__ - INFO - Initializing pipeline stages...
2026-05-19 19:56:55,844 - __main__ - INFO - All pipeline stages initialized successfully
2026-05-19 19:56:55,844 - __main__ - INFO - Starting full AI Protein Design Pipeline...
2026-05-19 19:56:55,844 - __main__ - INFO - Starting data collection...
2026-05-19 19:56:55,844 - data_collection - INFO - Starting data collection process...
2026-05-19 19:56:55,844 - data_collection - INFO - Collecting sequences for all targets
2026-05-19 19:56:55,844 - data_collection - INFO - ERBB2-family file already exists: data\raw\ERBB2_family_uniprot.fasta
2026-05-19 19:56:56,520 - data_collection - INFO - Downloaded UniProt sequence: data\raw\HER2_therapeutic_uniprot.fasta
2026-05-19 19:56:57,241 - data_collection - INFO - Downloaded UniProt sequence: data\raw\TNF_therapeutic_uniprot.fasta
2026-05-19 19:56:57,295 - data_collection - INFO - Collecting PDB structures for all targets
2026-05-19 19:56:57,635 - data_collection - INFO - Downloaded PDB structure: data\raw\1N8Z.pdb
2026-05-19 19:56:57,865 - data_collection - INFO - Downloaded PDB structure: data\raw\1TNF.pdb
2026-05-19 19:56:57,896 - data_collection - INFO - Collecting AlphaFold structures for all targets
2026-05-19 19:56:58,379 - data_collection - WARNING - AlphaFold structure not found for HER2_therapeutic: https://alphafold.ebi.ac.uk/files/AF-P04626-F1-model_v4.pdb
2026-05-19 19:56:58,818 - data_collection - WARNING - AlphaFold structure not found for TNF_therapeutic: https://alphafold.ebi.ac.uk/files/AF-P01375-F1-model_v4.pdb
2026-05-19 19:56:58,820 - data_collection - INFO - Collecting related sequences for reference...
2026-05-19 19:56:58,821 - data_collection - INFO - Created related sequences file: data\raw\related_sequences.fasta
2026-05-19 19:56:58,822 - data_collection - INFO - Data collection completed. Collected 5 files.
2026-05-19 19:56:58,822 - __main__ - INFO - Data collection completed
2026-05-19 19:56:58,822 - __main__ - INFO - Starting data preprocessing...
2026-05-19 19:56:58,823 - data_preprocessing - INFO - Starting data preprocessing...
2026-05-19 19:56:58,835 - data_preprocessing - INFO - Loaded 400 sequences from data\raw\ERBB2_family_uniprot.fasta
2026-05-19 19:56:58,838 - data_preprocessing - INFO - Loaded 1 sequences from data\raw\HER2_therapeutic_uniprot.fasta
2026-05-19 19:56:58,839 - data_preprocessing - INFO - Loaded 3 sequences from data\raw\related_sequences.fasta
2026-05-19 19:56:58,842 - data_preprocessing - INFO - Loaded 1 sequences from data\raw\TNF_therapeutic_uniprot.fasta
2026-05-19 19:56:58,842 - data_preprocessing - INFO - Loaded 405 total sequences
2026-05-19 19:56:58,843 - data_preprocessing - INFO - Filtered 12/405 sequences by length
2026-05-19 19:56:58,843 - data_preprocessing - INFO - After length filter (30–1000 aa): 12/405 sequences retained
2026-05-19 19:56:58,844 - data_preprocessing - INFO - Removed duplicates: 12 -> 11 sequences
2026-05-19 19:56:58,860 - data_preprocessing - INFO - Creating deep learning datasets...
2026-05-19 19:56:58,865 - data_preprocessing - INFO - Created tensor dataset with shape: torch.Size([11, 512])
2026-05-19 19:56:58,867 - data_preprocessing - INFO - Saved tensor dataset: data\processed\protein_dataset.pt
2026-05-19 19:56:58,868 - data_preprocessing - INFO - Created DataLoader with 8 sequences
2026-05-19 19:56:58,868 - data_preprocessing - INFO - Created DataLoader with 3 sequences
2026-05-19 19:56:58,870 - data_preprocessing - INFO - Created tensor dataset with shape: torch.Size([8, 512])
2026-05-19 19:56:58,871 - data_preprocessing - INFO - Created tensor dataset with shape: torch.Size([3, 512])
2026-05-19 19:56:58,872 - data_preprocessing - INFO - Saved train/validation datasets
2026-05-19 19:56:58,876 - data_preprocessing - INFO - Preprocessing completed. Saved 11 sequences.
2026-05-19 19:56:58,877 - data_preprocessing - INFO - Starting structure preprocessing...
2026-05-19 19:56:59,005 - data_preprocessing - INFO - Processed structure: 1N8Z.pdb
2026-05-19 19:56:59,079 - data_preprocessing - INFO - Processed structure: 1TNF.pdb
2026-05-19 19:56:59,079 - __main__ - INFO - Data preprocessing completed
2026-05-19 19:56:59,080 - __main__ - INFO - Starting sequence generation...
2026-05-19 19:56:59,080 - __main__ - INFO - Generating sequences for HER2_therapeutic
2026-05-19 19:56:59,082 - sequence_generation - INFO - Starting ProGAN sequence generation with HER2 comparison...
2026-05-19 19:56:59,086 - sequence_generation - INFO - Prepared 8 sequences for training
2026-05-19 19:56:59,508 - sequence_generation - INFO - Loaded trained ProGAN model from results\sequences\protein_progan.pth
2026-05-19 19:56:59,508 - sequence_generation - INFO - Generating 20 sequences with ProGAN (min 100 aa)
2026-05-19 19:56:59,546 - sequence_generation - INFO - Rejection-sampling attempt 1: 0/20 pass. Retrying…
2026-05-19 19:56:59,593 - sequence_generation - INFO - Rejection-sampling attempt 2: 3/20 pass. Retrying…
2026-05-19 19:56:59,616 - sequence_generation - INFO - Rejection-sampling attempt 3: 4/20 pass. Retrying…
2026-05-19 19:56:59,644 - sequence_generation - INFO - Rejection-sampling attempt 4: 4/20 pass. Retrying…
2026-05-19 19:56:59,677 - sequence_generation - INFO - Rejection-sampling attempt 5: 5/20 pass. Retrying…
2026-05-19 19:56:59,677 - sequence_generation - WARNING - Rejection sampling exhausted after 5 attempts; returning 5 sequences (target was 20).
2026-05-19 19:56:59,677 - sequence_generation - INFO - Applying personalization constraints...
2026-05-19 19:56:59,677 - sequence_generation - INFO - Applied personalization constraints to 5 sequences
2026-05-19 19:56:59,677 - sequence_generation - INFO - Comparing generated sequences with HER2 standard...
2026-05-19 19:56:59,677 - sequence_generation - INFO - Analyzing reaction of generated proteins with healthy proteins...
2026-05-19 19:56:59,692 - sequence_generation - INFO - Generated 5 sequences using ProGAN with HER2 comparison
2026-05-19 19:56:59,692 - __main__ - INFO - Applying personalization constraints...
2026-05-19 19:56:59,692 - variant_annotation - INFO - Generating personalized sequences...
2026-05-19 19:56:59,692 - variant_annotation - WARNING - Variant file not found: data\genomic_variants.vcf
2026-05-19 19:56:59,692 - variant_annotation - WARNING - No variant data available, returning base sequences
2026-05-19 19:56:59,692 - __main__ - INFO - Generating sequences for TNF_therapeutic
2026-05-19 19:56:59,701 - sequence_generation - INFO - Starting ProGAN sequence generation with HER2 comparison...
2026-05-19 19:56:59,702 - sequence_generation - INFO - Prepared 8 sequences for training
2026-05-19 19:56:59,993 - sequence_generation - INFO - Loaded trained ProGAN model from results\sequences\protein_progan.pth
2026-05-19 19:56:59,993 - sequence_generation - INFO - Generating 20 sequences with ProGAN (min 100 aa)
2026-05-19 19:57:00,042 - sequence_generation - INFO - Rejection-sampling attempt 1: 0/20 pass. Retrying…
2026-05-19 19:57:00,075 - sequence_generation - INFO - Rejection-sampling attempt 2: 1/20 pass. Retrying…
2026-05-19 19:57:00,110 - sequence_generation - INFO - Rejection-sampling attempt 3: 1/20 pass. Retrying…
2026-05-19 19:57:00,150 - sequence_generation - INFO - Rejection-sampling attempt 4: 1/20 pass. Retrying…
2026-05-19 19:57:00,193 - sequence_generation - INFO - Rejection-sampling attempt 5: 2/20 pass. Retrying…
2026-05-19 19:57:00,193 - sequence_generation - WARNING - Rejection sampling exhausted after 5 attempts; returning 2 sequences (target was 20).
2026-05-19 19:57:00,193 - sequence_generation - INFO - Applying personalization constraints...
2026-05-19 19:57:00,193 - sequence_generation - INFO - Applied personalization constraints to 2 sequences
2026-05-19 19:57:00,193 - sequence_generation - INFO - Comparing generated sequences with HER2 standard...
2026-05-19 19:57:00,193 - sequence_generation - INFO - Analyzing reaction of generated proteins with healthy proteins...
2026-05-19 19:57:00,193 - sequence_generation - INFO - Generated 2 sequences using ProGAN with HER2 comparison
2026-05-19 19:57:00,212 - __main__ - INFO - Applying personalization constraints...
2026-05-19 19:57:00,212 - variant_annotation - INFO - Generating personalized sequences...
2026-05-19 19:57:00,213 - variant_annotation - WARNING - Variant file not found: data\genomic_variants.vcf
2026-05-19 19:57:00,213 - variant_annotation - WARNING - No variant data available, returning base sequences
2026-05-19 19:57:00,214 - __main__ - INFO - Sequence generation completed for all targets
2026-05-19 19:57:00,214 - __main__ - INFO - Starting structure prediction...
2026-05-19 19:57:00,214 - structure_prediction - INFO - Starting structure prediction...
2026-05-19 19:57:00,230 - structure_prediction - INFO - Loaded 2 sequences for structure prediction
2026-05-19 19:57:00,231 - structure_prediction - WARNING - ESMFold not available, using mock prediction
2026-05-19 19:57:00,231 - structure_prediction - INFO - Creating mock prediction for GEN_0001
2026-05-19 19:57:00,233 - structure_prediction - WARNING - ESMFold not available, using mock prediction
2026-05-19 19:57:00,233 - structure_prediction - INFO - Creating mock prediction for GEN_0002
2026-05-19 19:57:00,235 - structure_prediction - INFO - High confidence structures: 2
2026-05-19 19:57:00,235 - structure_prediction - INFO - Low confidence structures: 0
2026-05-19 19:57:00,235 - structure_prediction - INFO - Structure prediction completed. 2 high-confidence structures.
2026-05-19 19:57:00,235 - __main__ - INFO - Structure prediction completed
2026-05-19 19:57:00,235 - __main__ - INFO - Starting docking analysis...
2026-05-19 19:57:00,235 - docking - INFO - Starting docking analysis...
2026-05-19 19:57:00,240 - docking - INFO - Using target structure: data\processed\1N8Z.pdb
2026-05-19 19:57:00,260 - docking - WARNING - Skipping GEN_0003_esmfold: no passing confidence score on record – structure must pass the quality gate before docking.
2026-05-19 19:57:00,260 - docking - WARNING - Skipping GEN_0004_esmfold: no passing confidence score on record – structure must pass the quality gate before docking.
2026-05-19 19:57:00,260 - docking - WARNING - Skipping GEN_0005_esmfold: no passing confidence score on record – structure must pass the quality gate before docking.
2026-05-19 19:57:00,260 - docking - INFO - Loaded 2 ligand structures (after confidence gate)
2026-05-19 19:57:00,260 - docking - INFO - Prepared target 1N8Z for docking
2026-05-19 19:57:00,260 - docking - INFO - Prepared ligand GEN_0001_esmfold for docking
2026-05-19 19:57:00,260 - docking - INFO - Docking completed for GEN_0001_esmfold: -6.97 kcal/mol
2026-05-19 19:57:00,260 - docking - INFO - Prepared ligand GEN_0002_esmfold for docking
2026-05-19 19:57:00,271 - docking - INFO - Docking completed for GEN_0002_esmfold: -6.32 kcal/mol
2026-05-19 19:57:00,285 - docking - INFO - Docking analysis completed. 2 docking runs performed.
2026-05-19 19:57:00,285 - reporting - WARNING - py3Dmol not available, creating text-based 3D description
2026-05-19 19:57:00,285 - __main__ - INFO - Docking analysis completed
2026-05-19 19:57:00,285 - __main__ - INFO - Starting stability analysis...
2026-05-19 19:57:00,294 - stability_analysis - INFO - Starting stability analysis...
2026-05-19 19:57:00,302 - reporting - INFO - Created text-based 3D structure description: results\reports\structure_3d_1_description.txt
2026-05-19 19:57:00,302 - reporting - WARNING - py3Dmol not available, creating text-based 3D description
2026-05-19 19:57:00,302 - reporting - INFO - Created text-based 3D structure description: results\reports\structure_3d_2_description.txt
2026-05-19 19:57:00,302 - reporting - WARNING - py3Dmol not available, creating text-based 3D description
2026-05-19 19:57:00,302 - reporting - INFO - Created text-based 3D structure description: results\reports\structure_3d_3_description.txt
2026-05-19 19:57:00,311 - reporting - WARNING - py3Dmol not available, creating text-based 3D description
2026-05-19 19:57:00,313 - reporting - INFO - Created text-based 3D structure description: results\reports\structure_3d_4_description.txt
2026-05-19 19:57:00,314 - reporting - WARNING - py3Dmol not available, creating text-based 3D description
2026-05-19 19:57:00,317 - reporting - INFO - Created text-based 3D structure description: results\reports\structure_3d_5_description.txt
2026-05-19 19:57:00,318 - stability_analysis - INFO - Loaded 2 top binders for stability analysis
2026-05-19 19:57:00,318 - stability_analysis - INFO - Running stability proxy analysis for GEN_0001_esmfold
2026-05-19 19:57:00,318 - stability_analysis - INFO - Stability proxy analysis completed for GEN_0001_esmfold
2026-05-19 19:57:00,318 - stability_analysis - INFO - Running stability proxy analysis for GEN_0002_esmfold
2026-05-19 19:57:00,318 - stability_analysis - INFO - Stability proxy analysis completed for GEN_0002_esmfold
2026-05-19 19:57:00,328 - stability_analysis - INFO - Stability analysis completed. 2 structures analyzed.
2026-05-19 19:57:00,328 - __main__ - INFO - Stability analysis completed
2026-05-19 19:57:00,328 - __main__ - INFO - Starting developability assessment...
2026-05-19 19:57:00,328 - developability - INFO - Starting developability assessment...
2026-05-19 19:57:00,340 - developability - INFO - Loaded 2 stable candidates for developability assessment
2026-05-19 19:57:00,340 - developability - WARNING - Sequence length 0 is too short for reliable solubility scoring – returning mid-range score and flagging for review.
2026-05-19 19:57:00,340 - developability - WARNING - Sequence length 0 is too short for reliable aggregation prediction – returning safe mid-range score and flagging for review.
2026-05-19 19:57:00,344 - developability - ERROR - Error assessing manufacturability: division by zero
2026-05-19 19:57:00,344 - developability - INFO - Assessed GEN_0003_esmfold: moderate
2026-05-19 19:57:00,344 - developability - WARNING - Sequence length 0 is too short for reliable solubility scoring – returning mid-range score and flagging for review.
2026-05-19 19:57:00,346 - developability - WARNING - Sequence length 0 is too short for reliable aggregation prediction – returning safe mid-range score and flagging for review.
2026-05-19 19:57:00,346 - developability - ERROR - Error assessing manufacturability: division by zero
2026-05-19 19:57:00,346 - developability - INFO - Assessed GEN_0002_esmfold: moderate
2026-05-19 19:57:00,351 - developability - INFO - Developability assessment completed. 2 candidates assessed.
2026-05-19 19:57:00,351 - __main__ - INFO - Developability assessment completed
2026-05-19 19:57:00,351 - __main__ - INFO - Starting HER2 comparison and healthy protein reaction analysis...
2026-05-19 19:57:00,352 - her2_comparison_analysis - INFO - Starting HER2 comparison analysis...
2026-05-19 19:57:00,355 - her2_comparison_analysis - INFO - HER2 comparison results saved to results\reports\her2_comparison_results.csv
2026-05-19 19:57:00,355 - her2_comparison_analysis - INFO - Starting healthy protein reaction analysis...
2026-05-19 19:57:00,356 - her2_comparison_analysis - INFO - Analyzing healthy protein reactions for HER2_therapeutic sequences...
2026-05-19 19:57:00,358 - her2_comparison_analysis - INFO - Analyzing healthy protein reactions for TNF_therapeutic sequences...
2026-05-19 19:57:00,365 - her2_comparison_analysis - INFO - Healthy protein reaction results saved to results\reports\healthy_protein_reaction_results.csv
2026-05-19 19:57:00,367 - her2_comparison_analysis - INFO - Summary report saved to results\reports\her2_healthy_protein_analysis_report.txt
2026-05-19 19:57:00,368 - __main__ - INFO - HER2 comparison and healthy protein reaction analysis completed
2026-05-19 19:57:00,368 - __main__ - INFO - Running scientific validation...
2026-05-19 19:57:00,371 - scientific_validation - INFO - Starting scientific validation...
2026-05-19 19:57:00,371 - scientific_validation - INFO - Running baseline comparison...
2026-05-19 19:57:00,379 - scientific_validation - INFO - Scientific validation completed
2026-05-19 19:57:00,379 - __main__ - INFO - Scientific validation completed
2026-05-19 19:57:00,380 - __main__ - INFO - Starting report generation...
2026-05-19 19:57:00,380 - reporting - INFO - Generating comprehensive pipeline report with complete combined reports...
2026-05-19 19:57:00,381 - reporting - INFO - Generating complete combined reports...
2026-05-19 19:57:00,381 - reporting - INFO - Creating visualizations...
2026-05-19 19:57:03,242 - reporting - INFO - Created interactive dashboard
2026-05-19 19:57:05,210 - reporting - INFO - Created scientific validation visualizations
2026-05-19 19:57:05,210 - reporting - INFO - Visualizations created
2026-05-19 19:57:05,210 - reporting - INFO - Creating comprehensive combined reports...
2026-05-19 19:57:05,210 - __main__ - ERROR - Pipeline failed with error: 'target_protein'
2026-05-19 19:57:08,609 - reporting - WARNING - py3Dmol not available, creating text-based 3D description
2026-05-19 19:57:08,617 - reporting - INFO - Created text-based 3D structure description: results\reports\structure_3d_1_description.txt
2026-05-19 19:57:08,622 - reporting - WARNING - py3Dmol not available, creating text-based 3D description
2026-05-19 19:57:08,643 - reporting - INFO - Created text-based 3D structure description: results\reports\structure_3d_2_description.txt
2026-05-19 19:57:08,662 - reporting - WARNING - py3Dmol not available, creating text-based 3D description
2026-05-19 19:57:08,695 - reporting - INFO - Created text-based 3D structure description: results\reports\structure_3d_3_description.txt
2026-05-19 19:57:08,712 - reporting - WARNING - py3Dmol not available, creating text-based 3D description
2026-05-19 19:57:08,734 - reporting - INFO - Created text-based 3D structure description: results\reports\structure_3d_4_description.txt
2026-05-19 19:57:08,748 - reporting - WARNING - py3Dmol not available, creating text-based 3D description
2026-05-19 19:57:08,777 - reporting - INFO - Created text-based 3D structure description: results\reports\structure_3d_5_description.txt
2026-05-19 19:57:11,599 - reporting - INFO - Created interactive dashboard
2026-05-19 19:57:13,317 - reporting - INFO - Created scientific validation visualizations
2026-05-19 19:57:13,317 - reporting - INFO - Visualizations created
2026-05-19 19:57:13,318 - reporting - INFO - Creating comprehensive combined reports...
2026-05-19 19:57:13,318 - __main__ - ERROR - Pipeline failed with error: 'target_protein'
2026-05-19 20:10:34,179 - __main__ - INFO - Initializing pipeline stages...
2026-05-19 20:10:34,179 - __main__ - INFO - All pipeline stages initialized successfully
2026-05-19 20:10:34,179 - __main__ - INFO - Starting full AI Protein Design Pipeline...
2026-05-19 20:10:34,179 - __main__ - INFO - Starting data collection...
2026-05-19 20:10:34,179 - data_collection - INFO - Starting data collection process...
2026-05-19 20:10:34,179 - data_collection - INFO - Collecting sequences for all targets
2026-05-19 20:10:34,179 - data_collection - INFO - ERBB2-family file already exists: data\raw\ERBB2_family_uniprot.fasta
2026-05-19 20:10:35,036 - data_collection - INFO - Downloaded UniProt sequence: data\raw\HER2_therapeutic_uniprot.fasta
2026-05-19 20:10:35,696 - data_collection - INFO - Downloaded UniProt sequence: data\raw\TNF_therapeutic_uniprot.fasta
2026-05-19 20:10:35,698 - data_collection - INFO - Collecting PDB structures for all targets
2026-05-19 20:10:36,085 - data_collection - INFO - Downloaded PDB structure: data\raw\1N8Z.pdb
2026-05-19 20:10:36,299 - data_collection - INFO - Downloaded PDB structure: data\raw\1TNF.pdb
2026-05-19 20:10:36,303 - data_collection - INFO - Collecting AlphaFold structures for all targets
2026-05-19 20:10:36,745 - data_collection - WARNING - AlphaFold structure not found for HER2_therapeutic: https://alphafold.ebi.ac.uk/files/AF-P04626-F1-model_v4.pdb
2026-05-19 20:10:37,172 - data_collection - WARNING - AlphaFold structure not found for TNF_therapeutic: https://alphafold.ebi.ac.uk/files/AF-P01375-F1-model_v4.pdb
2026-05-19 20:10:37,174 - data_collection - INFO - Collecting related sequences for reference...
2026-05-19 20:10:37,175 - data_collection - INFO - Created related sequences file: data\raw\related_sequences.fasta
2026-05-19 20:10:37,175 - data_collection - INFO - Data collection completed. Collected 5 files.
2026-05-19 20:10:37,176 - __main__ - INFO - Data collection completed
2026-05-19 20:10:37,176 - __main__ - INFO - Starting data preprocessing...
2026-05-19 20:10:37,176 - data_preprocessing - INFO - Starting data preprocessing...
2026-05-19 20:10:37,189 - data_preprocessing - INFO - Loaded 400 sequences from data\raw\ERBB2_family_uniprot.fasta
2026-05-19 20:10:37,191 - data_preprocessing - INFO - Loaded 1 sequences from data\raw\HER2_therapeutic_uniprot.fasta
2026-05-19 20:10:37,192 - data_preprocessing - INFO - Loaded 3 sequences from data\raw\related_sequences.fasta
2026-05-19 20:10:37,195 - data_preprocessing - INFO - Loaded 1 sequences from data\raw\TNF_therapeutic_uniprot.fasta
2026-05-19 20:10:37,196 - data_preprocessing - INFO - Loaded 405 total sequences
2026-05-19 20:10:37,197 - data_preprocessing - INFO - Filtered 12/405 sequences by length
2026-05-19 20:10:37,197 - data_preprocessing - INFO - After length filter (30–1000 aa): 12/405 sequences retained
2026-05-19 20:10:37,197 - data_preprocessing - INFO - Removed duplicates: 12 -> 11 sequences
2026-05-19 20:10:37,210 - data_preprocessing - INFO - Creating deep learning datasets...
2026-05-19 20:10:37,214 - data_preprocessing - INFO - Created tensor dataset with shape: torch.Size([11, 512])
2026-05-19 20:10:37,216 - data_preprocessing - INFO - Saved tensor dataset: data\processed\protein_dataset.pt
2026-05-19 20:10:37,217 - data_preprocessing - INFO - Created DataLoader with 8 sequences
2026-05-19 20:10:37,218 - data_preprocessing - INFO - Created DataLoader with 3 sequences
2026-05-19 20:10:37,220 - data_preprocessing - INFO - Created tensor dataset with shape: torch.Size([8, 512])
2026-05-19 20:10:37,221 - data_preprocessing - INFO - Created tensor dataset with shape: torch.Size([3, 512])
2026-05-19 20:10:37,224 - data_preprocessing - INFO - Saved train/validation datasets
2026-05-19 20:10:37,225 - data_preprocessing - INFO - Preprocessing completed. Saved 11 sequences.
2026-05-19 20:10:37,225 - data_preprocessing - INFO - Starting structure preprocessing...
2026-05-19 20:10:37,355 - data_preprocessing - INFO - Processed structure: 1N8Z.pdb
2026-05-19 20:10:37,421 - data_preprocessing - INFO - Processed structure: 1TNF.pdb
2026-05-19 20:10:37,422 - __main__ - INFO - Data preprocessing completed
2026-05-19 20:10:37,422 - __main__ - INFO - Starting sequence generation...
2026-05-19 20:10:37,422 - __main__ - INFO - Generating sequences for HER2_therapeutic
2026-05-19 20:10:37,422 - sequence_generation - INFO - Starting ProGAN sequence generation with HER2 comparison...
2026-05-19 20:10:37,426 - sequence_generation - INFO - Prepared 8 sequences for training
2026-05-19 20:10:37,749 - sequence_generation - INFO - Loaded trained ProGAN model from results\sequences\protein_progan.pth
2026-05-19 20:10:37,759 - sequence_generation - INFO - Generating 20 sequences with ProGAN (min 100 aa)
2026-05-19 20:10:37,792 - sequence_generation - INFO - Rejection-sampling attempt 1: 1/20 pass. Retrying…
2026-05-19 20:10:37,812 - sequence_generation - INFO - Rejection-sampling attempt 2: 1/20 pass. Retrying…
2026-05-19 20:10:37,858 - sequence_generation - INFO - Rejection-sampling attempt 3: 1/20 pass. Retrying…
2026-05-19 20:10:37,892 - sequence_generation - INFO - Rejection-sampling attempt 4: 2/20 pass. Retrying…
2026-05-19 20:10:37,924 - sequence_generation - INFO - Rejection-sampling attempt 5: 2/20 pass. Retrying…
2026-05-19 20:10:37,924 - sequence_generation - WARNING - Rejection sampling exhausted after 5 attempts; returning 2 sequences (target was 20).
2026-05-19 20:10:37,924 - sequence_generation - INFO - Applying personalization constraints...
2026-05-19 20:10:37,925 - sequence_generation - INFO - Applied personalization constraints to 2 sequences
2026-05-19 20:10:37,925 - sequence_generation - INFO - Comparing generated sequences with HER2 standard...
2026-05-19 20:10:37,926 - sequence_generation - INFO - Analyzing reaction of generated proteins with healthy proteins...
2026-05-19 20:10:37,930 - sequence_generation - INFO - Generated 2 sequences using ProGAN with HER2 comparison
2026-05-19 20:10:37,930 - __main__ - INFO - Applying personalization constraints...
2026-05-19 20:10:37,930 - variant_annotation - INFO - Generating personalized sequences...
2026-05-19 20:10:37,930 - variant_annotation - WARNING - Variant file not found: data\genomic_variants.vcf
2026-05-19 20:10:37,930 - variant_annotation - WARNING - No variant data available, returning base sequences
2026-05-19 20:10:37,930 - __main__ - INFO - Generating sequences for TNF_therapeutic
2026-05-19 20:10:37,946 - sequence_generation - INFO - Starting ProGAN sequence generation with HER2 comparison...
2026-05-19 20:10:37,950 - sequence_generation - INFO - Prepared 8 sequences for training
2026-05-19 20:10:38,287 - sequence_generation - INFO - Loaded trained ProGAN model from results\sequences\protein_progan.pth
2026-05-19 20:10:38,297 - sequence_generation - INFO - Generating 20 sequences with ProGAN (min 100 aa)
2026-05-19 20:10:38,330 - sequence_generation - INFO - Rejection-sampling attempt 1: 0/20 pass. Retrying…
2026-05-19 20:10:38,353 - sequence_generation - INFO - Rejection-sampling attempt 2: 2/20 pass. Retrying…
2026-05-19 20:10:38,385 - sequence_generation - INFO - Rejection-sampling attempt 3: 2/20 pass. Retrying…
2026-05-19 20:10:38,432 - sequence_generation - INFO - Rejection-sampling attempt 4: 2/20 pass. Retrying…
2026-05-19 20:10:38,459 - sequence_generation - INFO - Rejection-sampling attempt 5: 2/20 pass. Retrying…
2026-05-19 20:10:38,459 - sequence_generation - WARNING - Rejection sampling exhausted after 5 attempts; returning 2 sequences (target was 20).
2026-05-19 20:10:38,459 - sequence_generation - INFO - Applying personalization constraints...
2026-05-19 20:10:38,459 - sequence_generation - INFO - Applied personalization constraints to 2 sequences
2026-05-19 20:10:38,459 - sequence_generation - INFO - Comparing generated sequences with HER2 standard...
2026-05-19 20:10:38,462 - sequence_generation - INFO - Analyzing reaction of generated proteins with healthy proteins...
2026-05-19 20:10:38,468 - sequence_generation - INFO - Generated 2 sequences using ProGAN with HER2 comparison
2026-05-19 20:10:38,468 - __main__ - INFO - Applying personalization constraints...
2026-05-19 20:10:38,468 - variant_annotation - INFO - Generating personalized sequences...
2026-05-19 20:10:38,468 - variant_annotation - WARNING - Variant file not found: data\genomic_variants.vcf
2026-05-19 20:10:38,469 - variant_annotation - WARNING - No variant data available, returning base sequences
2026-05-19 20:10:38,469 - __main__ - INFO - Sequence generation completed for all targets
2026-05-19 20:10:38,482 - __main__ - INFO - Starting structure prediction...
2026-05-19 20:10:38,483 - structure_prediction - INFO - Starting structure prediction...
2026-05-19 20:10:38,500 - structure_prediction - INFO - Loaded 2 sequences for structure prediction
2026-05-19 20:10:38,500 - structure_prediction - WARNING - ESMFold not available, using mock prediction
2026-05-19 20:10:38,500 - structure_prediction - INFO - Creating mock prediction for GEN_0001
2026-05-19 20:10:38,500 - structure_prediction - WARNING - ESMFold not available, using mock prediction
2026-05-19 20:10:38,500 - structure_prediction - INFO - Creating mock prediction for GEN_0002
2026-05-19 20:10:38,500 - structure_prediction - INFO - High confidence structures: 2
2026-05-19 20:10:38,500 - structure_prediction - INFO - Low confidence structures: 0
2026-05-19 20:10:38,500 - structure_prediction - INFO - Structure prediction completed. 2 high-confidence structures.
2026-05-19 20:10:38,500 - __main__ - INFO - Structure prediction completed
2026-05-19 20:10:38,500 - __main__ - INFO - Starting docking analysis...
2026-05-19 20:10:38,500 - docking - INFO - Starting docking analysis...
2026-05-19 20:10:38,512 - docking - INFO - Using target structure: data\processed\1N8Z.pdb
2026-05-19 20:10:38,531 - docking - WARNING - Skipping GEN_0003_esmfold: no passing confidence score on record – structure must pass the quality gate before docking.
2026-05-19 20:10:38,531 - docking - WARNING - Skipping GEN_0004_esmfold: no passing confidence score on record – structure must pass the quality gate before docking.
2026-05-19 20:10:38,531 - docking - WARNING - Skipping GEN_0005_esmfold: no passing confidence score on record – structure must pass the quality gate before docking.
2026-05-19 20:10:38,531 - docking - INFO - Loaded 2 ligand structures (after confidence gate)
2026-05-19 20:10:38,531 - docking - INFO - Prepared target 1N8Z for docking
2026-05-19 20:10:38,531 - docking - INFO - Prepared ligand GEN_0001_esmfold for docking
2026-05-19 20:10:38,531 - docking - INFO - Docking completed for GEN_0001_esmfold: -6.87 kcal/mol
2026-05-19 20:10:38,531 - docking - INFO - Prepared ligand GEN_0002_esmfold for docking
2026-05-19 20:10:38,531 - docking - INFO - Docking completed for GEN_0002_esmfold: -6.39 kcal/mol
2026-05-19 20:10:38,546 - docking - INFO - Docking analysis completed. 2 docking runs performed.
2026-05-19 20:10:38,549 - __main__ - INFO - Docking analysis completed
2026-05-19 20:10:38,549 - __main__ - INFO - Starting stability analysis...
2026-05-19 20:10:38,549 - stability_analysis - INFO - Starting stability analysis...
2026-05-19 20:10:38,561 - stability_analysis - INFO - Loaded 2 top binders for stability analysis
2026-05-19 20:10:38,561 - stability_analysis - INFO - Running stability proxy analysis for GEN_0001_esmfold
2026-05-19 20:10:38,561 - stability_analysis - INFO - Stability proxy analysis completed for GEN_0001_esmfold
2026-05-19 20:10:38,561 - stability_analysis - INFO - Running stability proxy analysis for GEN_0002_esmfold
2026-05-19 20:10:38,561 - stability_analysis - INFO - Stability proxy analysis completed for GEN_0002_esmfold
2026-05-19 20:10:38,561 - stability_analysis - INFO - Stability analysis completed. 2 structures analyzed.
2026-05-19 20:10:38,561 - __main__ - INFO - Stability analysis completed
2026-05-19 20:10:38,561 - __main__ - INFO - Starting developability assessment...
2026-05-19 20:10:38,561 - developability - INFO - Starting developability assessment...
2026-05-19 20:10:38,595 - developability - INFO - Loaded 2 stable candidates for developability assessment
2026-05-19 20:10:38,597 - developability - INFO - Assessed GEN_0001_esmfold: good
2026-05-19 20:10:38,597 - developability - INFO - Assessed GEN_0002_esmfold: good
2026-05-19 20:10:38,600 - developability - INFO - Developability assessment completed. 2 candidates assessed.
2026-05-19 20:10:38,600 - __main__ - INFO - Developability assessment completed
2026-05-19 20:10:38,601 - __main__ - INFO - Starting HER2 comparison and healthy protein reaction analysis...
2026-05-19 20:10:38,601 - her2_comparison_analysis - INFO - Starting HER2 comparison analysis...
2026-05-19 20:10:38,604 - her2_comparison_analysis - INFO - HER2 comparison results saved to results\reports\her2_comparison_results.csv
2026-05-19 20:10:38,606 - her2_comparison_analysis - INFO - Starting healthy protein reaction analysis...
2026-05-19 20:10:38,606 - her2_comparison_analysis - INFO - Analyzing healthy protein reactions for HER2_therapeutic sequences...
2026-05-19 20:10:38,607 - her2_comparison_analysis - INFO - Analyzing healthy protein reactions for TNF_therapeutic sequences...
2026-05-19 20:10:38,610 - her2_comparison_analysis - INFO - Healthy protein reaction results saved to results\reports\healthy_protein_reaction_results.csv
2026-05-19 20:10:38,614 - her2_comparison_analysis - INFO - Summary report saved to results\reports\her2_healthy_protein_analysis_report.txt
2026-05-19 20:10:38,614 - __main__ - INFO - HER2 comparison and healthy protein reaction analysis completed
2026-05-19 20:10:38,614 - __main__ - INFO - Running scientific validation...
2026-05-19 20:10:38,618 - scientific_validation - INFO - Starting scientific validation...
2026-05-19 20:10:38,618 - scientific_validation - INFO - Running baseline comparison...
2026-05-19 20:10:38,624 - scientific_validation - INFO - Scientific validation completed
2026-05-19 20:10:38,625 - __main__ - INFO - Scientific validation completed
2026-05-19 20:10:38,625 - __main__ - INFO - Starting report generation...
2026-05-19 20:10:38,625 - reporting - INFO - Generating comprehensive pipeline report with complete combined reports...
2026-05-19 20:10:38,625 - reporting - INFO - Generating complete combined reports...
2026-05-19 20:10:38,625 - reporting - INFO - Creating visualizations...
2026-05-19 20:10:45,332 - reporting - WARNING - py3Dmol not available, creating text-based 3D description
2026-05-19 20:10:45,332 - reporting - INFO - Created text-based 3D structure description: results\reports\structure_3d_1_description.txt
2026-05-19 20:10:45,332 - reporting - WARNING - py3Dmol not available, creating text-based 3D description
2026-05-19 20:10:45,332 - reporting - INFO - Created text-based 3D structure description: results\reports\structure_3d_2_description.txt
2026-05-19 20:10:45,332 - reporting - WARNING - py3Dmol not available, creating text-based 3D description
2026-05-19 20:10:45,332 - reporting - INFO - Created text-based 3D structure description: results\reports\structure_3d_3_description.txt
2026-05-19 20:10:45,332 - reporting - WARNING - py3Dmol not available, creating text-based 3D description
2026-05-19 20:10:45,332 - reporting - INFO - Created text-based 3D structure description: results\reports\structure_3d_4_description.txt
2026-05-19 20:10:45,332 - reporting - WARNING - py3Dmol not available, creating text-based 3D description
2026-05-19 20:10:45,332 - reporting - INFO - Created text-based 3D structure description: results\reports\structure_3d_5_description.txt
2026-05-19 20:10:47,518 - reporting - INFO - Created interactive dashboard
2026-05-19 20:10:49,231 - reporting - INFO - Created scientific validation visualizations
2026-05-19 20:10:49,231 - reporting - INFO - Visualizations created
2026-05-19 20:10:49,246 - reporting - INFO - Creating comprehensive combined reports...
2026-05-19 20:10:49,246 - reporting - INFO - Combined reports generated: results\reports\complete_combined_report.txt, results\reports\complete_combined_report.csv
2026-05-19 20:10:49,246 - reporting - INFO - Complete combined reports generation finished
2026-05-19 20:10:49,246 - reporting - INFO - Complete report generation finished. Files saved to: results\reports
2026-05-19 20:10:49,246 - __main__ - INFO - Report generation completed
2026-05-19 20:10:49,246 - __main__ - INFO - Pipeline completed successfully in 0:00:15.067331
2026-05-19 20:10:49,246 - __main__ - INFO - Results saved to: results\reports
2026-05-19 20:10:49,246 - __main__ - INFO - Final summary saved to: results\reports\pipeline_final_summary.yaml
2026-05-19 20:39:55,742 - __main__ - INFO - Initializing pipeline stages...
2026-05-19 20:39:55,746 - __main__ - INFO - All pipeline stages initialized successfully
2026-05-19 20:39:55,747 - __main__ - INFO - Starting full AI Protein Design Pipeline...
2026-05-19 20:39:55,747 - __main__ - INFO - Starting data collection...
2026-05-19 20:39:55,747 - data_collection - INFO - Starting data collection process...
2026-05-19 20:39:55,747 - data_collection - INFO - Collecting sequences for all targets
2026-05-19 20:39:55,748 - data_collection - INFO - ERBB2-family file already exists: data\raw\ERBB2_family_uniprot.fasta
2026-05-19 20:39:56,618 - data_collection - INFO - Downloaded UniProt sequence: data\raw\HER2_therapeutic_uniprot.fasta
2026-05-19 20:39:57,300 - data_collection - INFO - Downloaded UniProt sequence: data\raw\TNF_therapeutic_uniprot.fasta
2026-05-19 20:39:57,304 - data_collection - INFO - Collecting PDB structures for all targets
2026-05-19 20:39:57,740 - data_collection - INFO - Downloaded PDB structure: data\raw\1N8Z.pdb
2026-05-19 20:39:57,967 - data_collection - INFO - Downloaded PDB structure: data\raw\1TNF.pdb
2026-05-19 20:39:57,970 - data_collection - INFO - Collecting AlphaFold structures for all targets
2026-05-19 20:39:58,422 - data_collection - WARNING - AlphaFold structure not found for HER2_therapeutic: https://alphafold.ebi.ac.uk/files/AF-P04626-F1-model_v4.pdb
2026-05-19 20:39:58,974 - data_collection - WARNING - AlphaFold structure not found for TNF_therapeutic: https://alphafold.ebi.ac.uk/files/AF-P01375-F1-model_v4.pdb
2026-05-19 20:39:58,976 - data_collection - INFO - Collecting related sequences for reference...
2026-05-19 20:39:59,066 - data_collection - INFO - Created related sequences file: data\raw\related_sequences.fasta
2026-05-19 20:39:59,068 - data_collection - INFO - Data collection completed. Collected 5 files.
2026-05-19 20:39:59,068 - __main__ - INFO - Data collection completed
2026-05-19 20:39:59,069 - __main__ - INFO - Starting data preprocessing...
2026-05-19 20:39:59,069 - data_preprocessing - INFO - Starting data preprocessing...
2026-05-19 20:39:59,095 - data_preprocessing - INFO - Loaded 400 sequences from data\raw\ERBB2_family_uniprot.fasta
2026-05-19 20:39:59,099 - data_preprocessing - INFO - Loaded 1 sequences from data\raw\HER2_therapeutic_uniprot.fasta
2026-05-19 20:39:59,103 - data_preprocessing - INFO - Loaded 3 sequences from data\raw\related_sequences.fasta
2026-05-19 20:39:59,106 - data_preprocessing - INFO - Loaded 1 sequences from data\raw\TNF_therapeutic_uniprot.fasta
2026-05-19 20:39:59,107 - data_preprocessing - INFO - Loaded 405 total sequences
2026-05-19 20:39:59,109 - data_preprocessing - INFO - Filtered 12/405 sequences by length
2026-05-19 20:39:59,109 - data_preprocessing - INFO - After length filter (30–1000 aa): 12/405 sequences retained
2026-05-19 20:39:59,111 - data_preprocessing - INFO - Removed duplicates: 12 -> 11 sequences
2026-05-19 20:39:59,126 - data_preprocessing - INFO - Creating deep learning datasets...
2026-05-19 20:39:59,130 - data_preprocessing - INFO - Created tensor dataset with shape: torch.Size([11, 512])
2026-05-19 20:39:59,132 - data_preprocessing - INFO - Saved tensor dataset: data\processed\protein_dataset.pt
2026-05-19 20:39:59,133 - data_preprocessing - INFO - Created DataLoader with 8 sequences
2026-05-19 20:39:59,134 - data_preprocessing - INFO - Created DataLoader with 3 sequences
2026-05-19 20:39:59,138 - data_preprocessing - INFO - Created tensor dataset with shape: torch.Size([8, 512])
2026-05-19 20:39:59,139 - data_preprocessing - INFO - Created tensor dataset with shape: torch.Size([3, 512])
2026-05-19 20:39:59,143 - data_preprocessing - INFO - Saved train/validation datasets
2026-05-19 20:39:59,144 - data_preprocessing - INFO - Preprocessing completed. Saved 11 sequences.
2026-05-19 20:39:59,145 - data_preprocessing - INFO - Starting structure preprocessing...
2026-05-19 20:39:59,255 - data_preprocessing - INFO - Processed structure: 1N8Z.pdb
2026-05-19 20:39:59,313 - data_preprocessing - INFO - Processed structure: 1TNF.pdb
2026-05-19 20:39:59,313 - __main__ - INFO - Data preprocessing completed
2026-05-19 20:39:59,314 - __main__ - INFO - Starting sequence generation...
2026-05-19 20:39:59,314 - __main__ - INFO - Generating sequences for HER2_therapeutic
2026-05-19 20:39:59,315 - sequence_generation - INFO - Starting ProGAN sequence generation with HER2 comparison...
2026-05-19 20:39:59,317 - sequence_generation - INFO - Prepared 8 sequences for training
2026-05-19 20:39:59,584 - sequence_generation - INFO - Loaded trained ProGAN model from results\sequences\protein_progan.pth
2026-05-19 20:39:59,585 - sequence_generation - INFO - Generating 20 sequences with ProGAN (min 100 aa)
2026-05-19 20:39:59,611 - sequence_generation - INFO - Rejection-sampling attempt 1: 0/20 pass. Retrying…
2026-05-19 20:39:59,637 - sequence_generation - INFO - Rejection-sampling attempt 2: 1/20 pass. Retrying…
2026-05-19 20:39:59,664 - sequence_generation - INFO - Rejection-sampling attempt 3: 1/20 pass. Retrying…
2026-05-19 20:39:59,688 - sequence_generation - INFO - Rejection-sampling attempt 4: 1/20 pass. Retrying…
2026-05-19 20:39:59,709 - sequence_generation - INFO - Rejection-sampling attempt 5: 1/20 pass. Retrying…
2026-05-19 20:39:59,709 - sequence_generation - WARNING - Rejection sampling exhausted after 5 attempts; returning 1 sequences (target was 20).
2026-05-19 20:39:59,710 - sequence_generation - INFO - Applying personalization constraints...
2026-05-19 20:39:59,711 - sequence_generation - INFO - Applied personalization constraints to 1 sequences
2026-05-19 20:39:59,711 - sequence_generation - INFO - Comparing generated sequences with HER2 standard...
2026-05-19 20:39:59,711 - sequence_generation - INFO - Analyzing reaction of generated proteins with healthy proteins...
2026-05-19 20:39:59,716 - sequence_generation - INFO - Generated 1 sequences using ProGAN with HER2 comparison
2026-05-19 20:39:59,716 - __main__ - INFO - Applying personalization constraints...
2026-05-19 20:39:59,716 - variant_annotation - INFO - Generating personalized sequences...
2026-05-19 20:39:59,717 - variant_annotation - WARNING - Variant file not found: data\genomic_variants.vcf
2026-05-19 20:39:59,717 - variant_annotation - WARNING - No variant data available, returning base sequences
2026-05-19 20:39:59,717 - __main__ - INFO - Generating sequences for TNF_therapeutic
2026-05-19 20:39:59,718 - sequence_generation - INFO - Starting ProGAN sequence generation with HER2 comparison...
2026-05-19 20:39:59,719 - sequence_generation - INFO - Prepared 8 sequences for training
2026-05-19 20:39:59,971 - sequence_generation - INFO - Loaded trained ProGAN model from results\sequences\protein_progan.pth
2026-05-19 20:39:59,972 - sequence_generation - INFO - Generating 20 sequences with ProGAN (min 100 aa)
2026-05-19 20:39:59,998 - sequence_generation - INFO - Rejection-sampling attempt 1: 1/20 pass. Retrying…
2026-05-19 20:40:00,030 - sequence_generation - INFO - Rejection-sampling attempt 2: 1/20 pass. Retrying…
2026-05-19 20:40:00,059 - sequence_generation - INFO - Rejection-sampling attempt 3: 1/20 pass. Retrying…
2026-05-19 20:40:00,086 - sequence_generation - INFO - Rejection-sampling attempt 4: 1/20 pass. Retrying…
2026-05-19 20:40:00,116 - sequence_generation - INFO - Rejection-sampling attempt 5: 1/20 pass. Retrying…
2026-05-19 20:40:00,116 - sequence_generation - WARNING - Rejection sampling exhausted after 5 attempts; returning 1 sequences (target was 20).
2026-05-19 20:40:00,116 - sequence_generation - INFO - Applying personalization constraints...
2026-05-19 20:40:00,116 - sequence_generation - INFO - Applied personalization constraints to 1 sequences
2026-05-19 20:40:00,117 - sequence_generation - INFO - Comparing generated sequences with HER2 standard...
2026-05-19 20:40:00,117 - sequence_generation - INFO - Analyzing reaction of generated proteins with healthy proteins...
2026-05-19 20:40:00,121 - sequence_generation - INFO - Generated 1 sequences using ProGAN with HER2 comparison
2026-05-19 20:40:00,122 - __main__ - INFO - Applying personalization constraints...
2026-05-19 20:40:00,122 - variant_annotation - INFO - Generating personalized sequences...
2026-05-19 20:40:00,123 - variant_annotation - WARNING - Variant file not found: data\genomic_variants.vcf
2026-05-19 20:40:00,123 - variant_annotation - WARNING - No variant data available, returning base sequences
2026-05-19 20:40:00,123 - __main__ - INFO - Sequence generation completed for all targets
2026-05-19 20:40:00,124 - __main__ - INFO - Starting structure prediction...
2026-05-19 20:40:00,124 - structure_prediction - INFO - Starting structure prediction...
2026-05-19 20:40:00,135 - structure_prediction - INFO - Loaded 1 sequences for structure prediction
2026-05-19 20:40:00,135 - structure_prediction - WARNING - ESMFold not available, using mock prediction
2026-05-19 20:40:00,135 - structure_prediction - INFO - Creating mock prediction for GEN_0001
2026-05-19 20:40:00,138 - structure_prediction - INFO - High confidence structures: 1
2026-05-19 20:40:00,139 - structure_prediction - INFO - Low confidence structures: 0
2026-05-19 20:40:00,140 - structure_prediction - INFO - Structure prediction completed. 1 high-confidence structures.
2026-05-19 20:40:00,141 - __main__ - INFO - Structure prediction completed
2026-05-19 20:40:00,141 - __main__ - INFO - Starting docking analysis...
2026-05-19 20:40:00,141 - docking - INFO - Starting docking analysis...
2026-05-19 20:40:00,142 - docking - INFO - Using target structure: data\processed\1N8Z.pdb
2026-05-19 20:40:00,159 - docking - WARNING - Skipping GEN_0002_esmfold: no passing confidence score on record – structure must pass the quality gate before docking.
2026-05-19 20:40:00,160 - docking - WARNING - Skipping GEN_0003_esmfold: no passing confidence score on record – structure must pass the quality gate before docking.
2026-05-19 20:40:00,160 - docking - WARNING - Skipping GEN_0004_esmfold: no passing confidence score on record – structure must pass the quality gate before docking.
2026-05-19 20:40:00,161 - docking - WARNING - Skipping GEN_0005_esmfold: no passing confidence score on record – structure must pass the quality gate before docking.
2026-05-19 20:40:00,162 - docking - INFO - Loaded 1 ligand structures (after confidence gate)
2026-05-19 20:40:00,163 - docking - INFO - Prepared target 1N8Z for docking
2026-05-19 20:40:00,163 - docking - INFO - Prepared ligand GEN_0001_esmfold for docking
2026-05-19 20:40:00,164 - docking - INFO - Docking completed for GEN_0001_esmfold: -9.15 kcal/mol
2026-05-19 20:40:00,173 - docking - INFO - Docking analysis completed. 1 docking runs performed.
2026-05-19 20:40:00,175 - __main__ - INFO - Docking analysis completed
2026-05-19 20:40:00,176 - __main__ - INFO - Starting stability analysis...
2026-05-19 20:40:00,176 - stability_analysis - INFO - Starting stability analysis...
2026-05-19 20:40:00,189 - stability_analysis - INFO - Loaded 1 top binders for stability analysis
2026-05-19 20:40:00,189 - stability_analysis - INFO - Running stability proxy analysis for GEN_0001_esmfold
2026-05-19 20:40:00,190 - stability_analysis - INFO - Stability proxy analysis completed for GEN_0001_esmfold
2026-05-19 20:40:00,193 - stability_analysis - INFO - Stability analysis completed. 1 structures analyzed.
2026-05-19 20:40:00,194 - __main__ - INFO - Stability analysis completed
2026-05-19 20:40:00,195 - __main__ - INFO - Starting developability assessment...
2026-05-19 20:40:00,195 - developability - INFO - Starting developability assessment...
2026-05-19 20:40:00,199 - developability - INFO - Loaded 2 stable candidates for developability assessment
2026-05-19 20:40:00,200 - developability - INFO - Assessed GEN_0001_esmfold: excellent
2026-05-19 20:40:00,200 - developability - WARNING - Sequence length 0 is too short for reliable solubility scoring – returning mid-range score and flagging for review.
2026-05-19 20:40:00,201 - developability - WARNING - Sequence length 0 is too short for reliable aggregation prediction – returning safe mid-range score and flagging for review.
2026-05-19 20:40:00,201 - developability - INFO - Assessed GEN_0002_esmfold: excellent
2026-05-19 20:40:00,203 - developability - INFO - Developability assessment completed. 2 candidates assessed.
2026-05-19 20:40:00,204 - __main__ - INFO - Developability assessment completed
2026-05-19 20:40:00,204 - __main__ - INFO - Starting HER2 comparison and healthy protein reaction analysis...
2026-05-19 20:40:00,204 - her2_comparison_analysis - INFO - Starting HER2 comparison analysis...
2026-05-19 20:40:00,207 - her2_comparison_analysis - INFO - HER2 comparison results saved to results\reports\her2_comparison_results.csv
2026-05-19 20:40:00,208 - her2_comparison_analysis - INFO - Starting healthy protein reaction analysis...
2026-05-19 20:40:00,208 - her2_comparison_analysis - INFO - Analyzing healthy protein reactions for HER2_therapeutic sequences...
2026-05-19 20:40:00,209 - her2_comparison_analysis - INFO - Analyzing healthy protein reactions for TNF_therapeutic sequences...
2026-05-19 20:40:00,212 - her2_comparison_analysis - INFO - Healthy protein reaction results saved to results\reports\healthy_protein_reaction_results.csv
2026-05-19 20:40:00,214 - her2_comparison_analysis - INFO - Summary report saved to results\reports\her2_healthy_protein_analysis_report.txt
2026-05-19 20:40:00,214 - __main__ - INFO - HER2 comparison and healthy protein reaction analysis completed
2026-05-19 20:40:00,214 - __main__ - INFO - Running scientific validation...
2026-05-19 20:40:00,217 - scientific_validation - INFO - Starting scientific validation...
2026-05-19 20:40:00,217 - scientific_validation - INFO - Running baseline comparison...
2026-05-19 20:40:00,222 - scientific_validation - INFO - Scientific validation completed
2026-05-19 20:40:00,223 - __main__ - INFO - Scientific validation completed
2026-05-19 20:40:00,223 - __main__ - INFO - Starting report generation...
2026-05-19 20:40:00,223 - reporting - INFO - Generating comprehensive pipeline report with complete combined reports...
2026-05-19 20:40:00,224 - reporting - INFO - Generating complete combined reports...
2026-05-19 20:40:00,224 - reporting - INFO - Creating visualizations...
2026-05-19 20:40:06,022 - reporting - WARNING - py3Dmol not available, creating text-based 3D description
2026-05-19 20:40:06,023 - reporting - INFO - Created text-based 3D structure description: results\reports\structure_3d_1_description.txt
2026-05-19 20:40:06,024 - reporting - WARNING - py3Dmol not available, creating text-based 3D description
2026-05-19 20:40:06,025 - reporting - INFO - Created text-based 3D structure description: results\reports\structure_3d_2_description.txt
2026-05-19 20:40:06,026 - reporting - WARNING - py3Dmol not available, creating text-based 3D description
2026-05-19 20:40:06,027 - reporting - INFO - Created text-based 3D structure description: results\reports\structure_3d_3_description.txt
2026-05-19 20:40:06,028 - reporting - WARNING - py3Dmol not available, creating text-based 3D description
2026-05-19 20:40:06,029 - reporting - INFO - Created text-based 3D structure description: results\reports\structure_3d_4_description.txt
2026-05-19 20:40:06,030 - reporting - WARNING - py3Dmol not available, creating text-based 3D description
2026-05-19 20:40:06,031 - reporting - INFO - Created text-based 3D structure description: results\reports\structure_3d_5_description.txt
2026-05-19 20:40:07,858 - reporting - INFO - Created interactive dashboard
2026-05-19 20:40:09,345 - reporting - INFO - Created scientific validation visualizations
2026-05-19 20:40:09,345 - reporting - INFO - Visualizations created
2026-05-19 20:40:09,345 - reporting - INFO - Creating comprehensive combined reports...
2026-05-19 20:40:09,348 - reporting - INFO - Combined reports generated: results\reports\complete_combined_report.txt, results\reports\complete_combined_report.csv
2026-05-19 20:40:09,348 - reporting - INFO - Complete combined reports generation finished
2026-05-19 20:40:09,358 - reporting - INFO - Complete report generation finished. Files saved to: results\reports
2026-05-19 20:40:09,359 - __main__ - INFO - Report generation completed
2026-05-19 20:40:09,359 - __main__ - INFO - Pipeline completed successfully in 0:00:13.611662
2026-05-19 20:40:09,359 - __main__ - INFO - Results saved to: results\reports
2026-05-19 20:40:09,367 - __main__ - INFO - Final summary saved to: results\reports\pipeline_final_summary.yaml
2026-05-19 21:19:13,511 - __main__ - INFO - Initializing pipeline stages...
2026-05-19 21:19:13,515 - __main__ - INFO - All pipeline stages initialized successfully
2026-05-19 21:19:13,515 - __main__ - INFO - Starting full AI Protein Design Pipeline...
2026-05-19 21:19:13,516 - __main__ - INFO - Starting data collection...
2026-05-19 21:19:13,517 - data_collection - INFO - Starting data collection process...
2026-05-19 21:19:13,517 - data_collection - INFO - Collecting sequences for all targets
2026-05-19 21:19:13,517 - data_collection - INFO - ERBB2-family file already exists: data\raw\ERBB2_family_uniprot.fasta
2026-05-19 21:19:14,495 - data_collection - INFO - Downloaded UniProt sequence: data\raw\HER2_therapeutic_uniprot.fasta
2026-05-19 21:19:15,150 - data_collection - INFO - Downloaded UniProt sequence: data\raw\TNF_therapeutic_uniprot.fasta
2026-05-19 21:19:15,154 - data_collection - INFO - Collecting PDB structures for all targets
2026-05-19 21:19:16,289 - data_collection - INFO - Downloaded PDB structure: data\raw\1N8Z.pdb
2026-05-19 21:19:17,050 - data_collection - INFO - Downloaded PDB structure: data\raw\1TNF.pdb
2026-05-19 21:19:17,055 - data_collection - INFO - Collecting AlphaFold structures for all targets
2026-05-19 21:19:17,503 - data_collection - WARNING - AlphaFold structure not found for HER2_therapeutic: https://alphafold.ebi.ac.uk/files/AF-P04626-F1-model_v4.pdb
2026-05-19 21:19:17,933 - data_collection - WARNING - AlphaFold structure not found for TNF_therapeutic: https://alphafold.ebi.ac.uk/files/AF-P01375-F1-model_v4.pdb
2026-05-19 21:19:17,949 - data_collection - INFO - Collecting related sequences for reference...
2026-05-19 21:19:17,949 - data_collection - INFO - Created related sequences file: data\raw\related_sequences.fasta
2026-05-19 21:19:17,959 - data_collection - INFO - Data collection completed. Collected 5 files.
2026-05-19 21:19:17,961 - __main__ - INFO - Data collection completed
2026-05-19 21:19:17,962 - __main__ - INFO - Starting data preprocessing...
2026-05-19 21:19:17,963 - data_preprocessing - INFO - Starting data preprocessing...
2026-05-19 21:19:17,984 - data_preprocessing - INFO - Loaded 400 sequences from data\raw\ERBB2_family_uniprot.fasta
2026-05-19 21:19:17,987 - data_preprocessing - INFO - Loaded 1 sequences from data\raw\HER2_therapeutic_uniprot.fasta
2026-05-19 21:19:17,990 - data_preprocessing - INFO - Loaded 3 sequences from data\raw\related_sequences.fasta
2026-05-19 21:19:17,993 - data_preprocessing - INFO - Loaded 1 sequences from data\raw\TNF_therapeutic_uniprot.fasta
2026-05-19 21:19:17,994 - data_preprocessing - INFO - Loaded 405 total sequences
2026-05-19 21:19:17,994 - data_preprocessing - INFO - Filtered 12/405 sequences by length
2026-05-19 21:19:17,995 - data_preprocessing - INFO - After length filter (30–1000 aa): 12/405 sequences retained
2026-05-19 21:19:17,995 - data_preprocessing - INFO - Removed duplicates: 12 -> 11 sequences
2026-05-19 21:19:18,007 - data_preprocessing - INFO - Creating deep learning datasets...
2026-05-19 21:19:18,007 - data_preprocessing - INFO - Created tensor dataset with shape: torch.Size([11, 512])
2026-05-19 21:19:18,007 - data_preprocessing - INFO - Saved tensor dataset: data\processed\protein_dataset.pt
2026-05-19 21:19:18,007 - data_preprocessing - INFO - Created DataLoader with 8 sequences
2026-05-19 21:19:18,007 - data_preprocessing - INFO - Created DataLoader with 3 sequences
2026-05-19 21:19:18,016 - data_preprocessing - INFO - Created tensor dataset with shape: torch.Size([8, 512])
2026-05-19 21:19:18,017 - data_preprocessing - INFO - Created tensor dataset with shape: torch.Size([3, 512])
2026-05-19 21:19:18,020 - data_preprocessing - INFO - Saved train/validation datasets
2026-05-19 21:19:18,021 - data_preprocessing - INFO - Preprocessing completed. Saved 11 sequences.
2026-05-19 21:19:18,022 - data_preprocessing - INFO - Starting structure preprocessing...
2026-05-19 21:19:18,141 - data_preprocessing - INFO - Processed structure: 1N8Z.pdb
2026-05-19 21:19:18,201 - data_preprocessing - INFO - Processed structure: 1TNF.pdb
2026-05-19 21:19:18,202 - __main__ - INFO - Data preprocessing completed
2026-05-19 21:19:18,202 - __main__ - INFO - Starting sequence generation...
2026-05-19 21:19:18,202 - __main__ - INFO - Generating sequences for HER2_therapeutic
2026-05-19 21:19:18,203 - sequence_generation - INFO - Starting ProGAN sequence generation with HER2 comparison...
2026-05-19 21:19:18,206 - sequence_generation - INFO - Prepared 8 sequences for training
2026-05-19 21:19:18,206 - sequence_generation - WARNING - No trained ProGAN model found at results\sequences\protein_progan.pth
2026-05-19 21:19:18,207 - sequence_generation - INFO - Training new ProGAN model...
2026-05-19 21:19:18,207 - sequence_generation - INFO - Training ProGAN model...
2026-05-19 21:19:21,876 - sequence_generation - INFO - Epoch 1/5, Generator Loss: 0.7373, Discriminator Loss: 0.6948
2026-05-19 21:19:22,778 - sequence_generation - INFO - Epoch 2/5, Generator Loss: 0.7682, Discriminator Loss: 0.6714
2026-05-19 21:19:23,681 - sequence_generation - INFO - Epoch 3/5, Generator Loss: 0.8228, Discriminator Loss: 0.6478
2026-05-19 21:19:24,621 - sequence_generation - INFO - Epoch 4/5, Generator Loss: 0.8810, Discriminator Loss: 0.6140
2026-05-19 21:19:25,536 - sequence_generation - INFO - Epoch 5/5, Generator Loss: 0.9757, Discriminator Loss: 0.5609
2026-05-19 21:19:26,118 - sequence_generation - INFO - ProGAN Model trained and saved to results\sequences\protein_progan.pth
2026-05-19 21:19:26,132 - sequence_generation - INFO - Generating 20 sequences with ProGAN (min 100 aa)
2026-05-19 21:19:26,167 - sequence_generation - INFO - Rejection-sampling attempt 1: 0/20 pass. Retrying…
2026-05-19 21:19:26,199 - sequence_generation - INFO - Rejection-sampling attempt 2: 1/20 pass. Retrying…
2026-05-19 21:19:26,226 - sequence_generation - INFO - Rejection-sampling attempt 3: 1/20 pass. Retrying…
2026-05-19 21:19:26,255 - sequence_generation - INFO - Rejection-sampling attempt 4: 1/20 pass. Retrying…
2026-05-19 21:19:26,285 - sequence_generation - INFO - Rejection-sampling attempt 5: 1/20 pass. Retrying…
2026-05-19 21:19:26,286 - sequence_generation - WARNING - Rejection sampling exhausted after 5 attempts; returning 1 sequences (target was 20).
2026-05-19 21:19:26,286 - sequence_generation - INFO - Applying personalization constraints...
2026-05-19 21:19:26,286 - sequence_generation - INFO - Applied personalization constraints to 1 sequences
2026-05-19 21:19:26,286 - sequence_generation - INFO - Comparing generated sequences with HER2 standard...
2026-05-19 21:19:26,287 - sequence_generation - INFO - Analyzing reaction of generated proteins with healthy proteins...
2026-05-19 21:19:26,291 - sequence_generation - INFO - Generated 1 sequences using ProGAN with HER2 comparison
2026-05-19 21:19:26,292 - __main__ - INFO - Applying personalization constraints...
2026-05-19 21:19:26,292 - variant_annotation - INFO - Generating personalized sequences...
2026-05-19 21:19:26,292 - variant_annotation - WARNING - Variant file not found: data\genomic_variants.vcf
2026-05-19 21:19:26,293 - variant_annotation - WARNING - No variant data available, returning base sequences
2026-05-19 21:19:26,293 - __main__ - INFO - Generating sequences for TNF_therapeutic
2026-05-19 21:19:26,294 - sequence_generation - INFO - Starting ProGAN sequence generation with HER2 comparison...
2026-05-19 21:19:26,297 - sequence_generation - INFO - Prepared 8 sequences for training
2026-05-19 21:19:26,571 - sequence_generation - INFO - Loaded trained ProGAN model from results\sequences\protein_progan.pth
2026-05-19 21:19:26,577 - sequence_generation - INFO - Generating 20 sequences with ProGAN (min 100 aa)
2026-05-19 21:19:26,604 - sequence_generation - INFO - Rejection-sampling attempt 1: 0/20 pass. Retrying…
2026-05-19 21:19:26,631 - sequence_generation - INFO - Rejection-sampling attempt 2: 0/20 pass. Retrying…
2026-05-19 21:19:26,655 - sequence_generation - INFO - Rejection-sampling attempt 3: 0/20 pass. Retrying…
2026-05-19 21:19:26,682 - sequence_generation - INFO - Rejection-sampling attempt 4: 0/20 pass. Retrying…
2026-05-19 21:19:26,710 - sequence_generation - INFO - Rejection-sampling attempt 5: 0/20 pass. Retrying…
2026-05-19 21:19:26,710 - sequence_generation - WARNING - Rejection sampling exhausted after 5 attempts; returning 0 sequences (target was 20).
2026-05-19 21:19:26,710 - sequence_generation - WARNING - ProGAN generation failed, using fallback method
2026-05-19 21:19:26,714 - sequence_generation - INFO - Applying personalization constraints...
2026-05-19 21:19:26,716 - sequence_generation - INFO - Applied personalization constraints to 20 sequences
2026-05-19 21:19:26,717 - sequence_generation - INFO - Comparing generated sequences with HER2 standard...
2026-05-19 21:19:26,724 - sequence_generation - INFO - Analyzing reaction of generated proteins with healthy proteins...
2026-05-19 21:19:26,732 - sequence_generation - INFO - Generated 20 sequences using ProGAN with HER2 comparison
2026-05-19 21:19:26,732 - __main__ - INFO - Applying personalization constraints...
2026-05-19 21:19:26,732 - variant_annotation - INFO - Generating personalized sequences...
2026-05-19 21:19:26,733 - variant_annotation - WARNING - Variant file not found: data\genomic_variants.vcf
2026-05-19 21:19:26,733 - variant_annotation - WARNING - No variant data available, returning base sequences
2026-05-19 21:19:26,733 - __main__ - INFO - Sequence generation completed for all targets
2026-05-19 21:19:26,734 - __main__ - INFO - Starting structure prediction...
2026-05-19 21:19:26,734 - structure_prediction - INFO - Starting structure prediction...
2026-05-19 21:19:26,746 - structure_prediction - INFO - Loaded 20 sequences for structure prediction
2026-05-19 21:19:26,747 - structure_prediction - WARNING - ESMFold not available, using mock prediction
2026-05-19 21:19:26,747 - structure_prediction - INFO - Creating mock prediction for GEN_0001
2026-05-19 21:19:26,748 - structure_prediction - WARNING - ESMFold not available, using mock prediction
2026-05-19 21:19:26,748 - structure_prediction - INFO - Creating mock prediction for GEN_0002
2026-05-19 21:19:26,750 - structure_prediction - WARNING - ESMFold not available, using mock prediction
2026-05-19 21:19:26,750 - structure_prediction - INFO - Creating mock prediction for GEN_0003
2026-05-19 21:19:26,753 - structure_prediction - WARNING - ESMFold not available, using mock prediction
2026-05-19 21:19:26,753 - structure_prediction - INFO - Creating mock prediction for GEN_0004
2026-05-19 21:19:26,755 - structure_prediction - WARNING - ESMFold not available, using mock prediction
2026-05-19 21:19:26,755 - structure_prediction - INFO - Creating mock prediction for GEN_0005
2026-05-19 21:19:26,757 - structure_prediction - WARNING - ESMFold not available, using mock prediction
2026-05-19 21:19:26,757 - structure_prediction - INFO - Creating mock prediction for GEN_0006
2026-05-19 21:19:26,759 - structure_prediction - WARNING - ESMFold not available, using mock prediction
2026-05-19 21:19:26,760 - structure_prediction - INFO - Creating mock prediction for GEN_0007
2026-05-19 21:19:26,763 - structure_prediction - WARNING - ESMFold not available, using mock prediction
2026-05-19 21:19:26,763 - structure_prediction - INFO - Creating mock prediction for GEN_0008
2026-05-19 21:19:26,765 - structure_prediction - WARNING - ESMFold not available, using mock prediction
2026-05-19 21:19:26,765 - structure_prediction - INFO - Creating mock prediction for GEN_0009
2026-05-19 21:19:26,767 - structure_prediction - WARNING - ESMFold not available, using mock prediction
2026-05-19 21:19:26,767 - structure_prediction - INFO - Creating mock prediction for GEN_0010
2026-05-19 21:19:26,769 - structure_prediction - WARNING - ESMFold not available, using mock prediction
2026-05-19 21:19:26,770 - structure_prediction - INFO - Creating mock prediction for GEN_0011
2026-05-19 21:19:26,772 - structure_prediction - WARNING - ESMFold not available, using mock prediction
2026-05-19 21:19:26,772 - structure_prediction - INFO - Creating mock prediction for GEN_0012
2026-05-19 21:19:26,774 - structure_prediction - WARNING - ESMFold not available, using mock prediction
2026-05-19 21:19:26,774 - structure_prediction - INFO - Creating mock prediction for GEN_0013
2026-05-19 21:19:26,776 - structure_prediction - WARNING - ESMFold not available, using mock prediction
2026-05-19 21:19:26,776 - structure_prediction - INFO - Creating mock prediction for GEN_0014
2026-05-19 21:19:26,779 - structure_prediction - WARNING - ESMFold not available, using mock prediction
2026-05-19 21:19:26,779 - structure_prediction - INFO - Creating mock prediction for GEN_0015
2026-05-19 21:19:26,781 - structure_prediction - WARNING - ESMFold not available, using mock prediction
2026-05-19 21:19:26,781 - structure_prediction - INFO - Creating mock prediction for GEN_0016
2026-05-19 21:19:26,783 - structure_prediction - WARNING - ESMFold not available, using mock prediction
2026-05-19 21:19:26,783 - structure_prediction - INFO - Creating mock prediction for GEN_0017
2026-05-19 21:19:26,785 - structure_prediction - WARNING - ESMFold not available, using mock prediction
2026-05-19 21:19:26,785 - structure_prediction - INFO - Creating mock prediction for GEN_0018
2026-05-19 21:19:26,787 - structure_prediction - WARNING - ESMFold not available, using mock prediction
2026-05-19 21:19:26,788 - structure_prediction - INFO - Creating mock prediction for GEN_0019
2026-05-19 21:19:26,800 - structure_prediction - WARNING - ESMFold not available, using mock prediction
2026-05-19 21:19:26,801 - structure_prediction - INFO - Creating mock prediction for GEN_0020
2026-05-19 21:19:26,803 - structure_prediction - INFO - High confidence structures: 20
2026-05-19 21:19:26,803 - structure_prediction - INFO - Low confidence structures: 0
2026-05-19 21:19:26,807 - structure_prediction - INFO - Structure prediction completed. 20 high-confidence structures.
2026-05-19 21:19:26,807 - __main__ - INFO - Structure prediction completed
2026-05-19 21:19:26,807 - __main__ - INFO - Starting docking analysis...
2026-05-19 21:19:26,807 - docking - INFO - Starting docking analysis...
2026-05-19 21:19:26,808 - docking - INFO - Using target structure: data\processed\1N8Z.pdb
2026-05-19 21:19:26,830 - docking - INFO - Loaded 20 ligand structures (after confidence gate)
2026-05-19 21:19:26,831 - docking - INFO - Prepared target 1N8Z for docking
2026-05-19 21:19:26,831 - docking - INFO - Prepared ligand GEN_0001_esmfold for docking
2026-05-19 21:19:26,832 - docking - INFO - Docking completed for GEN_0001_esmfold: -8.85 kcal/mol
2026-05-19 21:19:26,832 - docking - INFO - Prepared ligand GEN_0002_esmfold for docking
2026-05-19 21:19:26,833 - docking - INFO - Docking completed for GEN_0002_esmfold: -8.15 kcal/mol
2026-05-19 21:19:26,834 - docking - INFO - Prepared ligand GEN_0003_esmfold for docking
2026-05-19 21:19:26,834 - docking - INFO - Docking completed for GEN_0003_esmfold: -7.86 kcal/mol
2026-05-19 21:19:26,835 - docking - INFO - Prepared ligand GEN_0004_esmfold for docking
2026-05-19 21:19:26,836 - docking - INFO - Docking completed for GEN_0004_esmfold: -7.74 kcal/mol
2026-05-19 21:19:26,836 - docking - INFO - Prepared ligand GEN_0005_esmfold for docking
2026-05-19 21:19:26,838 - docking - INFO - Docking completed for GEN_0005_esmfold: -9.13 kcal/mol
2026-05-19 21:19:26,838 - docking - INFO - Prepared ligand GEN_0006_esmfold for docking
2026-05-19 21:19:26,839 - docking - INFO - Docking completed for GEN_0006_esmfold: -6.06 kcal/mol
2026-05-19 21:19:26,839 - docking - INFO - Prepared ligand GEN_0007_esmfold for docking
2026-05-19 21:19:26,840 - docking - INFO - Docking completed for GEN_0007_esmfold: -5.43 kcal/mol
2026-05-19 21:19:26,840 - docking - INFO - Prepared ligand GEN_0008_esmfold for docking
2026-05-19 21:19:26,841 - docking - INFO - Docking completed for GEN_0008_esmfold: -8.51 kcal/mol
2026-05-19 21:19:26,842 - docking - INFO - Prepared ligand GEN_0009_esmfold for docking
2026-05-19 21:19:26,842 - docking - INFO - Docking completed for GEN_0009_esmfold: -8.31 kcal/mol
2026-05-19 21:19:26,843 - docking - INFO - Prepared ligand GEN_0010_esmfold for docking
2026-05-19 21:19:26,843 - docking - INFO - Docking completed for GEN_0010_esmfold: -9.75 kcal/mol
2026-05-19 21:19:26,844 - docking - INFO - Prepared ligand GEN_0011_esmfold for docking
2026-05-19 21:19:26,845 - docking - INFO - Docking completed for GEN_0011_esmfold: -7.40 kcal/mol
2026-05-19 21:19:26,846 - docking - INFO - Prepared ligand GEN_0012_esmfold for docking
2026-05-19 21:19:26,847 - docking - INFO - Docking completed for GEN_0012_esmfold: -8.50 kcal/mol
2026-05-19 21:19:26,847 - docking - INFO - Prepared ligand GEN_0013_esmfold for docking
2026-05-19 21:19:26,848 - docking - INFO - Docking completed for GEN_0013_esmfold: -6.94 kcal/mol
2026-05-19 21:19:26,848 - docking - INFO - Prepared ligand GEN_0014_esmfold for docking
2026-05-19 21:19:26,849 - docking - INFO - Docking completed for GEN_0014_esmfold: -9.18 kcal/mol
2026-05-19 21:19:26,849 - docking - INFO - Prepared ligand GEN_0015_esmfold for docking
2026-05-19 21:19:26,850 - docking - INFO - Docking completed for GEN_0015_esmfold: -11.24 kcal/mol
2026-05-19 21:19:26,851 - docking - INFO - Prepared ligand GEN_0016_esmfold for docking
2026-05-19 21:19:26,851 - docking - INFO - Docking completed for GEN_0016_esmfold: -11.02 kcal/mol
2026-05-19 21:19:26,852 - docking - INFO - Prepared ligand GEN_0017_esmfold for docking
2026-05-19 21:19:26,853 - docking - INFO - Docking completed for GEN_0017_esmfold: -5.65 kcal/mol
2026-05-19 21:19:26,854 - docking - INFO - Prepared ligand GEN_0018_esmfold for docking
2026-05-19 21:19:26,855 - docking - INFO - Docking completed for GEN_0018_esmfold: -6.00 kcal/mol
2026-05-19 21:19:26,855 - docking - INFO - Prepared ligand GEN_0019_esmfold for docking
2026-05-19 21:19:26,856 - docking - INFO - Docking completed for GEN_0019_esmfold: -9.06 kcal/mol
2026-05-19 21:19:26,856 - docking - INFO - Prepared ligand GEN_0020_esmfold for docking
2026-05-19 21:19:26,857 - docking - INFO - Docking completed for GEN_0020_esmfold: -9.15 kcal/mol
2026-05-19 21:19:26,865 - docking - INFO - Docking analysis completed. 20 docking runs performed.
2026-05-19 21:19:26,867 - __main__ - INFO - Docking analysis completed
2026-05-19 21:19:26,868 - __main__ - INFO - Starting stability analysis...
2026-05-19 21:19:26,868 - stability_analysis - INFO - Starting stability analysis...
2026-05-19 21:19:26,881 - stability_analysis - INFO - Loaded 10 top binders for stability analysis
2026-05-19 21:19:26,881 - stability_analysis - INFO - Running stability proxy analysis for GEN_0015_esmfold
2026-05-19 21:19:26,881 - stability_analysis - INFO - Stability proxy analysis completed for GEN_0015_esmfold
2026-05-19 21:19:26,881 - stability_analysis - INFO - Running stability proxy analysis for GEN_0016_esmfold
2026-05-19 21:19:26,882 - stability_analysis - INFO - Stability proxy analysis completed for GEN_0016_esmfold
2026-05-19 21:19:26,882 - stability_analysis - INFO - Running stability proxy analysis for GEN_0010_esmfold
2026-05-19 21:19:26,882 - stability_analysis - INFO - Stability proxy analysis completed for GEN_0010_esmfold
2026-05-19 21:19:26,882 - stability_analysis - INFO - Running stability proxy analysis for GEN_0014_esmfold
2026-05-19 21:19:26,883 - stability_analysis - INFO - Stability proxy analysis completed for GEN_0014_esmfold
2026-05-19 21:19:26,883 - stability_analysis - INFO - Running stability proxy analysis for GEN_0020_esmfold
2026-05-19 21:19:26,883 - stability_analysis - INFO - Stability proxy analysis completed for GEN_0020_esmfold
2026-05-19 21:19:26,889 - stability_analysis - INFO - Stability analysis completed. 5 structures analyzed.
2026-05-19 21:19:26,890 - __main__ - INFO - Stability analysis completed
2026-05-19 21:19:26,890 - __main__ - INFO - Starting developability assessment...
2026-05-19 21:19:26,890 - developability - INFO - Starting developability assessment...
2026-05-19 21:19:26,903 - developability - INFO - Loaded 4 stable candidates for developability assessment
2026-05-19 21:19:26,905 - developability - INFO - Assessed GEN_0015_esmfold: good
2026-05-19 21:19:26,905 - developability - INFO - Assessed GEN_0016_esmfold: good
2026-05-19 21:19:26,906 - developability - INFO - Assessed GEN_0010_esmfold: good
2026-05-19 21:19:26,906 - developability - INFO - Assessed GEN_0020_esmfold: good
2026-05-19 21:19:26,909 - developability - INFO - Developability assessment completed. 4 candidates assessed.
2026-05-19 21:19:26,909 - __main__ - INFO - Developability assessment completed
2026-05-19 21:19:26,909 - __main__ - INFO - Starting HER2 comparison and healthy protein reaction analysis...
2026-05-19 21:19:26,910 - her2_comparison_analysis - INFO - Starting HER2 comparison analysis...
2026-05-19 21:19:26,913 - her2_comparison_analysis - INFO - HER2 comparison results saved to results\reports\her2_comparison_results.csv
2026-05-19 21:19:26,913 - her2_comparison_analysis - INFO - Starting healthy protein reaction analysis...
2026-05-19 21:19:26,914 - her2_comparison_analysis - INFO - Analyzing healthy protein reactions for HER2_therapeutic sequences...
2026-05-19 21:19:26,914 - her2_comparison_analysis - INFO - Analyzing healthy protein reactions for TNF_therapeutic sequences...
2026-05-19 21:19:26,920 - her2_comparison_analysis - INFO - Healthy protein reaction results saved to results\reports\healthy_protein_reaction_results.csv
2026-05-19 21:19:26,922 - her2_comparison_analysis - INFO - Summary report saved to results\reports\her2_healthy_protein_analysis_report.txt
2026-05-19 21:19:26,922 - __main__ - INFO - HER2 comparison and healthy protein reaction analysis completed
2026-05-19 21:19:26,922 - __main__ - INFO - Running scientific validation...
2026-05-19 21:19:26,925 - scientific_validation - INFO - Starting scientific validation...
2026-05-19 21:19:26,925 - scientific_validation - INFO - Running baseline comparison...
2026-05-19 21:19:26,930 - scientific_validation - INFO - Scientific validation completed
2026-05-19 21:19:26,931 - __main__ - INFO - Scientific validation completed
2026-05-19 21:19:26,931 - __main__ - INFO - Starting report generation...
2026-05-19 21:19:26,931 - reporting - INFO - Generating comprehensive pipeline report with complete combined reports...
2026-05-19 21:19:26,931 - reporting - INFO - Generating complete combined reports...
2026-05-19 21:19:26,931 - reporting - INFO - Creating visualizations...
2026-05-19 21:19:32,968 - reporting - WARNING - py3Dmol not available, creating text-based 3D description
2026-05-19 21:19:32,969 - reporting - INFO - Created text-based 3D structure description: results\reports\structure_3d_1_description.txt
2026-05-19 21:19:32,971 - reporting - WARNING - py3Dmol not available, creating text-based 3D description
2026-05-19 21:19:32,972 - reporting - INFO - Created text-based 3D structure description: results\reports\structure_3d_2_description.txt
2026-05-19 21:19:32,973 - reporting - WARNING - py3Dmol not available, creating text-based 3D description
2026-05-19 21:19:32,973 - reporting - INFO - Created text-based 3D structure description: results\reports\structure_3d_3_description.txt
2026-05-19 21:19:32,974 - reporting - WARNING - py3Dmol not available, creating text-based 3D description
2026-05-19 21:19:32,975 - reporting - INFO - Created text-based 3D structure description: results\reports\structure_3d_4_description.txt
2026-05-19 21:19:32,977 - reporting - WARNING - py3Dmol not available, creating text-based 3D description
2026-05-19 21:19:32,978 - reporting - INFO - Created text-based 3D structure description: results\reports\structure_3d_5_description.txt
2026-05-19 21:19:35,096 - reporting - INFO - Created interactive dashboard
2026-05-19 21:19:36,659 - reporting - INFO - Created scientific validation visualizations
2026-05-19 21:19:36,660 - reporting - INFO - Visualizations created
2026-05-19 21:19:36,660 - reporting - INFO - Creating comprehensive combined reports...
2026-05-19 21:19:36,663 - reporting - INFO - Combined reports generated: results\reports\complete_combined_report.txt, results\reports\complete_combined_report.csv
2026-05-19 21:19:36,663 - reporting - INFO - Complete combined reports generation finished
2026-05-19 21:19:36,670 - reporting - INFO - Complete report generation finished. Files saved to: results\reports
2026-05-19 21:19:36,670 - __main__ - INFO - Report generation completed
2026-05-19 21:19:36,671 - __main__ - INFO - Pipeline completed successfully in 0:00:23.155996
2026-05-19 21:19:36,671 - __main__ - INFO - Results saved to: results\reports
2026-05-19 21:19:36,676 - __main__ - INFO - Final summary saved to: results\reports\pipeline_final_summary.yaml
2026-05-20 10:19:09,964 - __main__ - INFO - Initializing pipeline stages...
2026-05-20 10:19:09,997 - __main__ - INFO - All pipeline stages initialized successfully
2026-05-20 10:19:09,997 - __main__ - INFO - Running partial pipeline: ['sequence_generation']
2026-05-20 10:19:09,997 - __main__ - INFO - Starting sequence generation...
2026-05-20 10:19:09,997 - __main__ - INFO - Generating sequences for HER2_therapeutic
2026-05-20 10:19:10,009 - sequence_generation - INFO - Starting ProGAN sequence generation with HER2 comparison...
2026-05-20 10:19:10,016 - sequence_generation - INFO - Prepared 8 sequences for training
2026-05-20 10:19:11,232 - sequence_generation - INFO - Loaded trained ProGAN model from results\sequences\protein_progan.pth
2026-05-20 10:19:11,232 - sequence_generation - INFO - Generating 20 sequences with ProGAN (min 100 aa)
2026-05-20 10:19:11,314 - sequence_generation - INFO - Rejection-sampling attempt 1: 0/20 pass. Retrying…
2026-05-20 10:19:11,353 - sequence_generation - INFO - Rejection-sampling attempt 2: 1/20 pass. Retrying…
2026-05-20 10:19:11,380 - sequence_generation - INFO - Rejection-sampling attempt 3: 2/20 pass. Retrying…
2026-05-20 10:19:11,405 - sequence_generation - INFO - Rejection-sampling attempt 4: 2/20 pass. Retrying…
2026-05-20 10:19:11,432 - sequence_generation - INFO - Rejection-sampling attempt 5: 2/20 pass. Retrying…
2026-05-20 10:19:11,432 - sequence_generation - WARNING - Rejection sampling exhausted after 5 attempts; returning 2 sequences (target was 20).
2026-05-20 10:19:11,432 - sequence_generation - INFO - Applying personalization constraints...
2026-05-20 10:19:11,432 - sequence_generation - INFO - Applied personalization constraints to 2 sequences
2026-05-20 10:19:11,432 - sequence_generation - INFO - Comparing generated sequences with HER2 standard...
2026-05-20 10:19:11,432 - sequence_generation - INFO - Analyzing reaction of generated proteins with healthy proteins...
2026-05-20 10:19:11,466 - sequence_generation - INFO - Generated 2 sequences using ProGAN with HER2 comparison
2026-05-20 10:19:11,466 - __main__ - INFO - Applying personalization constraints...
2026-05-20 10:19:11,466 - variant_annotation - INFO - Generating personalized sequences...
2026-05-20 10:19:11,466 - variant_annotation - WARNING - Variant file not found: data\genomic_variants.vcf
2026-05-20 10:19:11,466 - variant_annotation - WARNING - No variant data available, returning base sequences
2026-05-20 10:19:11,466 - __main__ - INFO - Generating sequences for TNF_therapeutic
2026-05-20 10:19:11,466 - sequence_generation - INFO - Starting ProGAN sequence generation with HER2 comparison...
2026-05-20 10:19:11,466 - sequence_generation - INFO - Prepared 8 sequences for training
2026-05-20 10:19:11,751 - sequence_generation - INFO - Loaded trained ProGAN model from results\sequences\protein_progan.pth
2026-05-20 10:19:11,752 - sequence_generation - INFO - Generating 20 sequences with ProGAN (min 100 aa)
2026-05-20 10:19:11,773 - sequence_generation - INFO - Rejection-sampling attempt 1: 1/20 pass. Retrying…
2026-05-20 10:19:11,806 - sequence_generation - INFO - Rejection-sampling attempt 2: 1/20 pass. Retrying…
2026-05-20 10:19:11,832 - sequence_generation - INFO - Rejection-sampling attempt 3: 2/20 pass. Retrying…
2026-05-20 10:19:11,856 - sequence_generation - INFO - Rejection-sampling attempt 4: 2/20 pass. Retrying…
2026-05-20 10:19:11,882 - sequence_generation - INFO - Rejection-sampling attempt 5: 2/20 pass. Retrying…
2026-05-20 10:19:11,882 - sequence_generation - WARNING - Rejection sampling exhausted after 5 attempts; returning 2 sequences (target was 20).
2026-05-20 10:19:11,882 - sequence_generation - INFO - Applying personalization constraints...
2026-05-20 10:19:11,882 - sequence_generation - INFO - Applied personalization constraints to 2 sequences
2026-05-20 10:19:11,882 - sequence_generation - INFO - Comparing generated sequences with HER2 standard...
2026-05-20 10:19:11,882 - sequence_generation - INFO - Analyzing reaction of generated proteins with healthy proteins...
2026-05-20 10:19:11,899 - sequence_generation - INFO - Generated 2 sequences using ProGAN with HER2 comparison
2026-05-20 10:19:11,900 - __main__ - INFO - Applying personalization constraints...
2026-05-20 10:19:11,900 - variant_annotation - INFO - Generating personalized sequences...
2026-05-20 10:19:11,900 - variant_annotation - WARNING - Variant file not found: data\genomic_variants.vcf
2026-05-20 10:19:11,900 - variant_annotation - WARNING - No variant data available, returning base sequences
2026-05-20 10:19:11,901 - __main__ - INFO - Sequence generation completed for all targets
2026-05-20 13:08:02,360 - __main__ - INFO - Initializing pipeline stages...
2026-05-20 13:08:02,374 - __main__ - INFO - All pipeline stages initialized successfully
2026-05-20 13:08:02,374 - __main__ - INFO - Starting full AI Protein Design Pipeline...
2026-05-20 13:08:02,374 - __main__ - INFO - Starting data collection...
2026-05-20 13:08:02,374 - data_collection - INFO - Starting data collection process...
2026-05-20 13:08:02,374 - data_collection - INFO - Collecting sequences for all targets
2026-05-20 13:08:02,374 - data_collection - INFO - ERBB2-family file already exists: data\raw\ERBB2_family_uniprot.fasta
2026-05-20 13:08:03,230 - data_collection - INFO - Downloaded UniProt sequence: data\raw\HER2_therapeutic_uniprot.fasta
2026-05-20 13:08:03,926 - data_collection - INFO - Downloaded UniProt sequence: data\raw\TNF_therapeutic_uniprot.fasta
2026-05-20 13:08:03,929 - data_collection - INFO - Collecting PDB structures for all targets
2026-05-20 13:08:05,373 - data_collection - INFO - Downloaded PDB structure: data\raw\1N8Z.pdb
2026-05-20 13:08:06,382 - data_collection - INFO - Downloaded PDB structure: data\raw\1TNF.pdb
2026-05-20 13:08:06,385 - data_collection - INFO - Collecting AlphaFold structures for all targets
2026-05-20 13:08:06,834 - data_collection - WARNING - AlphaFold structure not found for HER2_therapeutic: https://alphafold.ebi.ac.uk/files/AF-P04626-F1-model_v4.pdb
2026-05-20 13:08:07,275 - data_collection - WARNING - AlphaFold structure not found for TNF_therapeutic: https://alphafold.ebi.ac.uk/files/AF-P01375-F1-model_v4.pdb
2026-05-20 13:08:07,278 - data_collection - INFO - Collecting related sequences for reference...
2026-05-20 13:08:07,279 - data_collection - INFO - Created related sequences file: data\raw\related_sequences.fasta
2026-05-20 13:08:07,282 - data_collection - INFO - Data collection completed. Collected 5 files.
2026-05-20 13:08:07,282 - __main__ - INFO - Data collection completed
2026-05-20 13:08:07,282 - __main__ - INFO - Starting data preprocessing...
2026-05-20 13:08:07,283 - data_preprocessing - INFO - Starting data preprocessing...
2026-05-20 13:08:07,363 - data_preprocessing - INFO - Loaded 400 sequences from data\raw\ERBB2_family_uniprot.fasta
2026-05-20 13:08:07,364 - data_preprocessing - INFO - Loaded 1 sequences from data\raw\HER2_therapeutic_uniprot.fasta
2026-05-20 13:08:07,368 - data_preprocessing - INFO - Loaded 3 sequences from data\raw\related_sequences.fasta
2026-05-20 13:08:07,371 - data_preprocessing - INFO - Loaded 1 sequences from data\raw\TNF_therapeutic_uniprot.fasta
2026-05-20 13:08:07,371 - data_preprocessing - INFO - Loaded 405 total sequences
2026-05-20 13:08:07,371 - data_preprocessing - INFO - Filtered 12/405 sequences by length
2026-05-20 13:08:07,372 - data_preprocessing - INFO - After length filter (30–1000 aa): 12/405 sequences retained
2026-05-20 13:08:07,372 - data_preprocessing - INFO - Removed duplicates: 12 -> 11 sequences
2026-05-20 13:08:07,400 - data_preprocessing - INFO - Creating deep learning datasets...
2026-05-20 13:08:07,415 - data_preprocessing - INFO - Created tensor dataset with shape: torch.Size([11, 512])
2026-05-20 13:08:07,425 - data_preprocessing - INFO - Saved tensor dataset: data\processed\protein_dataset.pt
2026-05-20 13:08:07,426 - data_preprocessing - INFO - Created DataLoader with 8 sequences
2026-05-20 13:08:07,426 - data_preprocessing - INFO - Created DataLoader with 3 sequences
2026-05-20 13:08:07,428 - data_preprocessing - INFO - Created tensor dataset with shape: torch.Size([8, 512])
2026-05-20 13:08:07,428 - data_preprocessing - INFO - Created tensor dataset with shape: torch.Size([3, 512])
2026-05-20 13:08:07,430 - data_preprocessing - INFO - Saved train/validation datasets
2026-05-20 13:08:07,438 - data_preprocessing - INFO - Preprocessing completed. Saved 11 sequences.
2026-05-20 13:08:07,439 - data_preprocessing - INFO - Starting structure preprocessing...
2026-05-20 13:08:07,587 - data_preprocessing - INFO - Processed structure: 1N8Z.pdb
2026-05-20 13:08:07,735 - data_preprocessing - INFO - Processed structure: 1TNF.pdb
2026-05-20 13:08:07,736 - __main__ - INFO - Data preprocessing completed
2026-05-20 13:08:07,736 - __main__ - INFO - Starting sequence generation...
2026-05-20 13:08:07,736 - __main__ - INFO - Generating sequences for HER2_therapeutic
2026-05-20 13:08:07,736 - sequence_generation - INFO - Starting ProGAN sequence generation with HER2 comparison...
2026-05-20 13:08:07,741 - sequence_generation - INFO - Prepared 8 sequences for training
2026-05-20 13:08:09,000 - sequence_generation - INFO - Loaded trained ProGAN model from results\sequences\protein_progan.pth
2026-05-20 13:08:09,013 - sequence_generation - INFO - Generating 20 sequences with ProGAN (min 100 aa)
2026-05-20 13:08:09,108 - sequence_generation - INFO - Rejection-sampling attempt 1: 0/20 pass. Retrying…
2026-05-20 13:08:09,136 - sequence_generation - INFO - Rejection-sampling attempt 2: 0/20 pass. Retrying…
2026-05-20 13:08:09,168 - sequence_generation - INFO - Rejection-sampling attempt 3: 1/20 pass. Retrying…
2026-05-20 13:08:09,199 - sequence_generation - INFO - Rejection-sampling attempt 4: 1/20 pass. Retrying…
2026-05-20 13:08:09,230 - sequence_generation - INFO - Rejection-sampling attempt 5: 1/20 pass. Retrying…
2026-05-20 13:08:09,230 - sequence_generation - WARNING - Rejection sampling exhausted after 5 attempts; returning 1 sequences (target was 20).
2026-05-20 13:08:09,230 - sequence_generation - INFO - Applying personalization constraints...
2026-05-20 13:08:09,231 - sequence_generation - INFO - Applied personalization constraints to 1 sequences
2026-05-20 13:08:09,231 - sequence_generation - INFO - Comparing generated sequences with HER2 standard...
2026-05-20 13:08:09,231 - sequence_generation - INFO - Analyzing reaction of generated proteins with healthy proteins...
2026-05-20 13:08:09,237 - sequence_generation - INFO - Generated 1 sequences using ProGAN with HER2 comparison
2026-05-20 13:08:09,238 - __main__ - INFO - Applying personalization constraints...
2026-05-20 13:08:09,238 - variant_annotation - INFO - Generating personalized sequences...
2026-05-20 13:08:09,238 - variant_annotation - WARNING - Variant file not found: data\genomic_variants.vcf
2026-05-20 13:08:09,238 - variant_annotation - WARNING - No variant data available, returning base sequences
2026-05-20 13:08:09,238 - __main__ - INFO - Generating sequences for TNF_therapeutic
2026-05-20 13:08:09,251 - sequence_generation - INFO - Starting ProGAN sequence generation with HER2 comparison...
2026-05-20 13:08:09,255 - sequence_generation - INFO - Prepared 8 sequences for training
2026-05-20 13:08:09,603 - sequence_generation - INFO - Loaded trained ProGAN model from results\sequences\protein_progan.pth
2026-05-20 13:08:09,618 - sequence_generation - INFO - Generating 20 sequences with ProGAN (min 100 aa)
2026-05-20 13:08:09,653 - sequence_generation - INFO - Rejection-sampling attempt 1: 2/20 pass. Retrying…
2026-05-20 13:08:09,681 - sequence_generation - INFO - Rejection-sampling attempt 2: 2/20 pass. Retrying…
2026-05-20 13:08:09,716 - sequence_generation - INFO - Rejection-sampling attempt 3: 2/20 pass. Retrying…
2026-05-20 13:08:09,751 - sequence_generation - INFO - Rejection-sampling attempt 4: 2/20 pass. Retrying…
2026-05-20 13:08:09,782 - sequence_generation - INFO - Rejection-sampling attempt 5: 2/20 pass. Retrying…
2026-05-20 13:08:09,782 - sequence_generation - WARNING - Rejection sampling exhausted after 5 attempts; returning 2 sequences (target was 20).
2026-05-20 13:08:09,782 - sequence_generation - INFO - Applying personalization constraints...
2026-05-20 13:08:09,782 - sequence_generation - INFO - Applied personalization constraints to 2 sequences
2026-05-20 13:08:09,784 - sequence_generation - INFO - Comparing generated sequences with HER2 standard...
2026-05-20 13:08:09,784 - sequence_generation - INFO - Analyzing reaction of generated proteins with healthy proteins...
2026-05-20 13:08:09,792 - sequence_generation - INFO - Generated 2 sequences using ProGAN with HER2 comparison
2026-05-20 13:08:09,792 - __main__ - INFO - Applying personalization constraints...
2026-05-20 13:08:09,792 - variant_annotation - INFO - Generating personalized sequences...
2026-05-20 13:08:09,794 - variant_annotation - WARNING - Variant file not found: data\genomic_variants.vcf
2026-05-20 13:08:09,794 - variant_annotation - WARNING - No variant data available, returning base sequences
2026-05-20 13:08:09,794 - __main__ - INFO - Sequence generation completed for all targets
2026-05-20 13:08:09,805 - __main__ - INFO - Starting structure prediction...
2026-05-20 13:08:09,806 - structure_prediction - INFO - Starting structure prediction...
2026-05-20 13:08:09,822 - structure_prediction - INFO - Loaded 2 sequences for structure prediction
2026-05-20 13:08:09,822 - structure_prediction - WARNING - ESMFold not available, using mock prediction
2026-05-20 13:08:09,823 - structure_prediction - INFO - Creating mock prediction for GEN_0001
2026-05-20 13:08:09,826 - structure_prediction - WARNING - ESMFold not available, using mock prediction
2026-05-20 13:08:09,826 - structure_prediction - INFO - Creating mock prediction for GEN_0002
2026-05-20 13:08:09,828 - structure_prediction - INFO - High confidence structures: 2
2026-05-20 13:08:09,828 - structure_prediction - INFO - Low confidence structures: 0
2026-05-20 13:08:09,832 - structure_prediction - INFO - Structure prediction completed. 2 high-confidence structures.
2026-05-20 13:08:09,832 - __main__ - INFO - Structure prediction completed
2026-05-20 13:08:09,833 - __main__ - INFO - Starting docking analysis...
2026-05-20 13:08:09,833 - docking - INFO - Starting docking analysis...
2026-05-20 13:08:09,835 - docking - INFO - Using target structure: data\processed\1N8Z.pdb
2026-05-20 13:08:09,862 - docking - WARNING - Skipping GEN_0003_esmfold: no passing confidence score on record – structure must pass the quality gate before docking.
2026-05-20 13:08:09,862 - docking - WARNING - Skipping GEN_0004_esmfold: no passing confidence score on record – structure must pass the quality gate before docking.
2026-05-20 13:08:09,864 - docking - WARNING - Skipping GEN_0005_esmfold: no passing confidence score on record – structure must pass the quality gate before docking.
2026-05-20 13:08:09,864 - docking - WARNING - Skipping GEN_0006_esmfold: no passing confidence score on record – structure must pass the quality gate before docking.
2026-05-20 13:08:09,866 - docking - WARNING - Skipping GEN_0007_esmfold: no passing confidence score on record – structure must pass the quality gate before docking.
2026-05-20 13:08:09,867 - docking - WARNING - Skipping GEN_0008_esmfold: no passing confidence score on record – structure must pass the quality gate before docking.
2026-05-20 13:08:09,868 - docking - WARNING - Skipping GEN_0009_esmfold: no passing confidence score on record – structure must pass the quality gate before docking.
2026-05-20 13:08:09,869 - docking - WARNING - Skipping GEN_0010_esmfold: no passing confidence score on record – structure must pass the quality gate before docking.
2026-05-20 13:08:09,869 - docking - WARNING - Skipping GEN_0011_esmfold: no passing confidence score on record – structure must pass the quality gate before docking.
2026-05-20 13:08:09,870 - docking - WARNING - Skipping GEN_0012_esmfold: no passing confidence score on record – structure must pass the quality gate before docking.
2026-05-20 13:08:09,870 - docking - WARNING - Skipping GEN_0013_esmfold: no passing confidence score on record – structure must pass the quality gate before docking.
2026-05-20 13:08:09,871 - docking - WARNING - Skipping GEN_0014_esmfold: no passing confidence score on record – structure must pass the quality gate before docking.
2026-05-20 13:08:09,872 - docking - WARNING - Skipping GEN_0015_esmfold: no passing confidence score on record – structure must pass the quality gate before docking.
2026-05-20 13:08:09,872 - docking - WARNING - Skipping GEN_0016_esmfold: no passing confidence score on record – structure must pass the quality gate before docking.
2026-05-20 13:08:09,874 - docking - WARNING - Skipping GEN_0017_esmfold: no passing confidence score on record – structure must pass the quality gate before docking.
2026-05-20 13:08:09,875 - docking - WARNING - Skipping GEN_0018_esmfold: no passing confidence score on record – structure must pass the quality gate before docking.
2026-05-20 13:08:09,876 - docking - WARNING - Skipping GEN_0019_esmfold: no passing confidence score on record – structure must pass the quality gate before docking.
2026-05-20 13:08:09,876 - docking - WARNING - Skipping GEN_0020_esmfold: no passing confidence score on record – structure must pass the quality gate before docking.
2026-05-20 13:08:09,877 - docking - INFO - Loaded 2 ligand structures (after confidence gate)
2026-05-20 13:08:09,878 - docking - INFO - Prepared target 1N8Z for docking
2026-05-20 13:08:09,878 - docking - INFO - Prepared ligand GEN_0001_esmfold for docking
2026-05-20 13:08:09,879 - docking - INFO - Docking completed for GEN_0001_esmfold: -6.23 kcal/mol
2026-05-20 13:08:09,879 - docking - INFO - Prepared ligand GEN_0002_esmfold for docking
2026-05-20 13:08:09,880 - docking - INFO - Docking completed for GEN_0002_esmfold: -9.47 kcal/mol
2026-05-20 13:08:09,896 - docking - INFO - Docking analysis completed. 2 docking runs performed.
2026-05-20 13:08:09,900 - __main__ - INFO - Docking analysis completed
2026-05-20 13:08:09,901 - __main__ - INFO - Starting stability analysis...
2026-05-20 13:08:09,901 - stability_analysis - INFO - Starting stability analysis...
2026-05-20 13:08:09,918 - stability_analysis - INFO - Loaded 2 top binders for stability analysis
2026-05-20 13:08:09,918 - stability_analysis - INFO - Running stability proxy analysis for GEN_0002_esmfold
2026-05-20 13:08:09,919 - stability_analysis - INFO - Stability proxy analysis completed for GEN_0002_esmfold
2026-05-20 13:08:09,919 - stability_analysis - INFO - Running stability proxy analysis for GEN_0001_esmfold
2026-05-20 13:08:09,919 - stability_analysis - INFO - Stability proxy analysis completed for GEN_0001_esmfold
2026-05-20 13:08:09,929 - stability_analysis - INFO - Stability analysis completed. 2 structures analyzed.
2026-05-20 13:08:09,929 - __main__ - INFO - Stability analysis completed
2026-05-20 13:08:09,929 - __main__ - INFO - Starting developability assessment...
2026-05-20 13:08:09,929 - developability - INFO - Starting developability assessment...
2026-05-20 13:08:09,947 - developability - INFO - Loaded 1 stable candidates for developability assessment
2026-05-20 13:08:09,948 - developability - INFO - Assessed GEN_0002_esmfold: good
2026-05-20 13:08:09,951 - developability - INFO - Developability assessment completed. 1 candidates assessed.
2026-05-20 13:08:09,951 - __main__ - INFO - Developability assessment completed
2026-05-20 13:08:09,952 - __main__ - INFO - Starting HER2 comparison and healthy protein reaction analysis...
2026-05-20 13:08:09,952 - her2_comparison_analysis - INFO - Starting HER2 comparison analysis...
2026-05-20 13:08:09,957 - her2_comparison_analysis - INFO - HER2 comparison results saved to results\reports\her2_comparison_results.csv
2026-05-20 13:08:09,957 - her2_comparison_analysis - INFO - Starting healthy protein reaction analysis...
2026-05-20 13:08:09,958 - her2_comparison_analysis - INFO - Analyzing healthy protein reactions for HER2_therapeutic sequences...
2026-05-20 13:08:09,958 - her2_comparison_analysis - INFO - Analyzing healthy protein reactions for TNF_therapeutic sequences...
2026-05-20 13:08:09,962 - her2_comparison_analysis - INFO - Healthy protein reaction results saved to results\reports\healthy_protein_reaction_results.csv
2026-05-20 13:08:10,014 - her2_comparison_analysis - INFO - Summary report saved to results\reports\her2_healthy_protein_analysis_report.txt
2026-05-20 13:08:10,014 - __main__ - INFO - HER2 comparison and healthy protein reaction analysis completed
2026-05-20 13:08:10,014 - __main__ - INFO - Running scientific validation...
2026-05-20 13:08:10,046 - scientific_validation - INFO - Starting scientific validation...
2026-05-20 13:08:10,046 - scientific_validation - INFO - Running baseline comparison...
2026-05-20 13:08:10,056 - scientific_validation - INFO - Scientific validation completed
2026-05-20 13:08:10,056 - __main__ - INFO - Scientific validation completed
2026-05-20 13:08:10,056 - __main__ - INFO - Starting report generation...
2026-05-20 13:08:10,056 - reporting - INFO - Generating comprehensive pipeline report with complete combined reports...
2026-05-20 13:08:10,056 - reporting - INFO - Generating complete combined reports...
2026-05-20 13:08:10,056 - reporting - INFO - Creating visualizations...
2026-05-20 13:08:18,116 - reporting - WARNING - py3Dmol not available, creating text-based 3D description
2026-05-20 13:08:18,117 - reporting - INFO - Created text-based 3D structure description: results\reports\structure_3d_1_description.txt
2026-05-20 13:08:18,119 - reporting - WARNING - py3Dmol not available, creating text-based 3D description
2026-05-20 13:08:18,120 - reporting - INFO - Created text-based 3D structure description: results\reports\structure_3d_2_description.txt
2026-05-20 13:08:18,121 - reporting - WARNING - py3Dmol not available, creating text-based 3D description
2026-05-20 13:08:18,122 - reporting - INFO - Created text-based 3D structure description: results\reports\structure_3d_3_description.txt
2026-05-20 13:08:18,124 - reporting - WARNING - py3Dmol not available, creating text-based 3D description
2026-05-20 13:08:18,125 - reporting - INFO - Created text-based 3D structure description: results\reports\structure_3d_4_description.txt
2026-05-20 13:08:18,126 - reporting - WARNING - py3Dmol not available, creating text-based 3D description
2026-05-20 13:08:18,127 - reporting - INFO - Created text-based 3D structure description: results\reports\structure_3d_5_description.txt
2026-05-20 13:08:20,520 - reporting - INFO - Created interactive dashboard
2026-05-20 13:08:22,531 - reporting - INFO - Created scientific validation visualizations
2026-05-20 13:08:22,531 - reporting - INFO - Visualizations created
2026-05-20 13:08:22,531 - reporting - INFO - Creating comprehensive combined reports...
2026-05-20 13:08:22,534 - reporting - INFO - Combined reports generated: results\reports\complete_combined_report.txt, results\reports\complete_combined_report.csv
2026-05-20 13:08:22,536 - reporting - INFO - Complete combined reports generation finished
2026-05-20 13:08:22,545 - reporting - INFO - Complete report generation finished. Files saved to: results\reports
2026-05-20 13:08:22,545 - __main__ - INFO - Report generation completed
2026-05-20 13:08:22,545 - __main__ - INFO - Pipeline completed successfully in 0:00:20.170578
2026-05-20 13:08:22,545 - __main__ - INFO - Results saved to: results\reports
2026-05-20 13:08:22,553 - __main__ - INFO - Final summary saved to: results\reports\pipeline_final_summary.yaml
2026-05-20 13:19:55,326 - __main__ - INFO - Initializing pipeline stages...
2026-05-20 13:19:55,338 - __main__ - INFO - All pipeline stages initialized successfully
2026-05-20 13:19:55,339 - __main__ - INFO - Starting full AI Protein Design Pipeline...
2026-05-20 13:19:55,339 - __main__ - INFO - Starting data collection...
2026-05-20 13:19:55,340 - data_collection - INFO - Starting data collection process...
2026-05-20 13:19:55,340 - data_collection - INFO - Collecting sequences for all targets
2026-05-20 13:19:55,341 - data_collection - INFO - ERBB2-family file already exists: data\raw\ERBB2_family_uniprot.fasta
2026-05-20 13:19:56,241 - data_collection - INFO - Downloaded UniProt sequence: data\raw\HER2_therapeutic_uniprot.fasta
2026-05-20 13:19:56,895 - data_collection - INFO - Downloaded UniProt sequence: data\raw\TNF_therapeutic_uniprot.fasta
2026-05-20 13:19:56,902 - data_collection - INFO - Collecting PDB structures for all targets
2026-05-20 13:19:57,321 - data_collection - INFO - Downloaded PDB structure: data\raw\1N8Z.pdb
2026-05-20 13:19:57,689 - data_collection - INFO - Downloaded PDB structure: data\raw\1TNF.pdb
2026-05-20 13:19:57,692 - data_collection - INFO - Collecting AlphaFold structures for all targets
2026-05-20 13:19:58,148 - data_collection - WARNING - AlphaFold structure not found for HER2_therapeutic: https://alphafold.ebi.ac.uk/files/AF-P04626-F1-model_v4.pdb
2026-05-20 13:19:58,630 - data_collection - WARNING - AlphaFold structure not found for TNF_therapeutic: https://alphafold.ebi.ac.uk/files/AF-P01375-F1-model_v4.pdb
2026-05-20 13:19:58,632 - data_collection - INFO - Collecting related sequences for reference...
2026-05-20 13:19:58,633 - data_collection - INFO - Created related sequences file: data\raw\related_sequences.fasta
2026-05-20 13:19:58,635 - data_collection - INFO - Data collection completed. Collected 5 files.
2026-05-20 13:19:58,635 - __main__ - INFO - Data collection completed
2026-05-20 13:19:58,635 - __main__ - INFO - Starting data preprocessing...
2026-05-20 13:19:58,636 - data_preprocessing - INFO - Starting data preprocessing...
2026-05-20 13:19:58,716 - data_preprocessing - INFO - Loaded 400 sequences from data\raw\ERBB2_family_uniprot.fasta
2026-05-20 13:19:58,718 - data_preprocessing - INFO - Loaded 1 sequences from data\raw\HER2_therapeutic_uniprot.fasta
2026-05-20 13:19:58,720 - data_preprocessing - INFO - Loaded 3 sequences from data\raw\related_sequences.fasta
2026-05-20 13:19:58,723 - data_preprocessing - INFO - Loaded 1 sequences from data\raw\TNF_therapeutic_uniprot.fasta
2026-05-20 13:19:58,723 - data_preprocessing - INFO - Loaded 405 total sequences
2026-05-20 13:19:58,724 - data_preprocessing - INFO - Filtered 12/405 sequences by length
2026-05-20 13:19:58,724 - data_preprocessing - INFO - After length filter (30–1000 aa): 12/405 sequences retained
2026-05-20 13:19:58,726 - data_preprocessing - INFO - Removed duplicates: 12 -> 11 sequences
2026-05-20 13:19:58,749 - data_preprocessing - INFO - Creating deep learning datasets...
2026-05-20 13:19:58,760 - data_preprocessing - INFO - Created tensor dataset with shape: torch.Size([11, 512])
2026-05-20 13:19:58,766 - data_preprocessing - INFO - Saved tensor dataset: data\processed\protein_dataset.pt
2026-05-20 13:19:58,766 - data_preprocessing - INFO - Created DataLoader with 8 sequences
2026-05-20 13:19:58,767 - data_preprocessing - INFO - Created DataLoader with 3 sequences
2026-05-20 13:19:58,768 - data_preprocessing - INFO - Created tensor dataset with shape: torch.Size([8, 512])
2026-05-20 13:19:58,769 - data_preprocessing - INFO - Created tensor dataset with shape: torch.Size([3, 512])
2026-05-20 13:19:58,774 - data_preprocessing - INFO - Saved train/validation datasets
2026-05-20 13:19:58,778 - data_preprocessing - INFO - Preprocessing completed. Saved 11 sequences.
2026-05-20 13:19:58,779 - data_preprocessing - INFO - Starting structure preprocessing...
2026-05-20 13:19:58,894 - data_preprocessing - INFO - Processed structure: 1N8Z.pdb
2026-05-20 13:19:58,952 - data_preprocessing - INFO - Processed structure: 1TNF.pdb
2026-05-20 13:19:58,954 - __main__ - INFO - Data preprocessing completed
2026-05-20 13:19:58,954 - __main__ - INFO - Starting sequence generation...
2026-05-20 13:19:58,954 - __main__ - INFO - Generating sequences for HER2_therapeutic
2026-05-20 13:19:58,955 - sequence_generation - INFO - Starting ProGAN sequence generation with HER2 comparison...
2026-05-20 13:19:58,957 - sequence_generation - INFO - Prepared 8 sequences for training
2026-05-20 13:20:00,100 - sequence_generation - INFO - Loaded trained ProGAN model from results\sequences\protein_progan.pth
2026-05-20 13:20:00,101 - sequence_generation - INFO - Generating 20 sequences with ProGAN (min 100 aa)
2026-05-20 13:20:00,226 - sequence_generation - INFO - Rejection-sampling attempt 1: 1/20 pass. Retrying…
2026-05-20 13:20:00,367 - sequence_generation - INFO - Rejection-sampling attempt 2: 1/20 pass. Retrying…
2026-05-20 13:20:00,411 - sequence_generation - INFO - Rejection-sampling attempt 3: 1/20 pass. Retrying…
2026-05-20 13:20:00,462 - sequence_generation - INFO - Rejection-sampling attempt 4: 1/20 pass. Retrying…
2026-05-20 13:20:00,508 - sequence_generation - INFO - Rejection-sampling attempt 5: 1/20 pass. Retrying…
2026-05-20 13:20:00,509 - sequence_generation - WARNING - Rejection sampling exhausted after 5 attempts; returning 1 sequences (target was 20).
2026-05-20 13:20:00,509 - sequence_generation - INFO - Applying personalization constraints...
2026-05-20 13:20:00,510 - sequence_generation - INFO - Applied personalization constraints to 1 sequences
2026-05-20 13:20:00,510 - sequence_generation - INFO - Comparing generated sequences with HER2 standard...
2026-05-20 13:20:00,511 - sequence_generation - INFO - Analyzing reaction of generated proteins with healthy proteins...
2026-05-20 13:20:00,518 - sequence_generation - INFO - Generated 1 sequences using ProGAN with HER2 comparison
2026-05-20 13:20:00,518 - __main__ - INFO - Applying personalization constraints...
2026-05-20 13:20:00,518 - variant_annotation - INFO - Generating personalized sequences...
2026-05-20 13:20:00,519 - variant_annotation - WARNING - Variant file not found: data\genomic_variants.vcf
2026-05-20 13:20:00,519 - variant_annotation - WARNING - No variant data available, returning base sequences
2026-05-20 13:20:00,520 - __main__ - INFO - Generating sequences for TNF_therapeutic
2026-05-20 13:20:00,521 - sequence_generation - INFO - Starting ProGAN sequence generation with HER2 comparison...
2026-05-20 13:20:00,524 - sequence_generation - INFO - Prepared 8 sequences for training
2026-05-20 13:20:00,928 - sequence_generation - INFO - Loaded trained ProGAN model from results\sequences\protein_progan.pth
2026-05-20 13:20:00,929 - sequence_generation - INFO - Generating 20 sequences with ProGAN (min 100 aa)
2026-05-20 13:20:01,038 - sequence_generation - INFO - Rejection-sampling attempt 1: 0/20 pass. Retrying…
2026-05-20 13:20:01,113 - sequence_generation - INFO - Rejection-sampling attempt 2: 0/20 pass. Retrying…
2026-05-20 13:20:01,155 - sequence_generation - INFO - Rejection-sampling attempt 3: 0/20 pass. Retrying…
2026-05-20 13:20:01,194 - sequence_generation - INFO - Rejection-sampling attempt 4: 0/20 pass. Retrying…
2026-05-20 13:20:01,240 - sequence_generation - INFO - Rejection-sampling attempt 5: 1/20 pass. Retrying…
2026-05-20 13:20:01,241 - sequence_generation - WARNING - Rejection sampling exhausted after 5 attempts; returning 1 sequences (target was 20).
2026-05-20 13:20:01,241 - sequence_generation - INFO - Applying personalization constraints...
2026-05-20 13:20:01,242 - sequence_generation - INFO - Applied personalization constraints to 1 sequences
2026-05-20 13:20:01,242 - sequence_generation - INFO - Comparing generated sequences with HER2 standard...
2026-05-20 13:20:01,242 - sequence_generation - INFO - Analyzing reaction of generated proteins with healthy proteins...
2026-05-20 13:20:01,249 - sequence_generation - INFO - Generated 1 sequences using ProGAN with HER2 comparison
2026-05-20 13:20:01,250 - __main__ - INFO - Applying personalization constraints...
2026-05-20 13:20:01,251 - variant_annotation - INFO - Generating personalized sequences...
2026-05-20 13:20:01,252 - variant_annotation - WARNING - Variant file not found: data\genomic_variants.vcf
2026-05-20 13:20:01,252 - variant_annotation - WARNING - No variant data available, returning base sequences
2026-05-20 13:20:01,252 - __main__ - INFO - Sequence generation completed for all targets
2026-05-20 13:20:01,253 - __main__ - INFO - Starting structure prediction...
2026-05-20 13:20:01,253 - structure_prediction - INFO - Starting structure prediction...
2026-05-20 13:20:01,270 - structure_prediction - INFO - Loaded 1 sequences for structure prediction
2026-05-20 13:20:01,270 - structure_prediction - WARNING - ESMFold not available, using mock prediction
2026-05-20 13:20:01,270 - structure_prediction - INFO - Creating mock prediction for GEN_0001
2026-05-20 13:20:01,273 - structure_prediction - INFO - High confidence structures: 1
2026-05-20 13:20:01,273 - structure_prediction - INFO - Low confidence structures: 0
2026-05-20 13:20:01,277 - structure_prediction - INFO - Structure prediction completed. 1 high-confidence structures.
2026-05-20 13:20:01,278 - __main__ - INFO - Structure prediction completed
2026-05-20 13:20:01,278 - __main__ - INFO - Starting docking analysis...
2026-05-20 13:20:01,278 - docking - INFO - Starting docking analysis...
2026-05-20 13:20:01,280 - docking - INFO - Using target structure: data\processed\1N8Z.pdb
2026-05-20 13:20:01,304 - docking - WARNING - Skipping GEN_0002_esmfold: no passing confidence score on record – structure must pass the quality gate before docking.
2026-05-20 13:20:01,306 - docking - WARNING - Skipping GEN_0003_esmfold: no passing confidence score on record – structure must pass the quality gate before docking.
2026-05-20 13:20:01,307 - docking - WARNING - Skipping GEN_0004_esmfold: no passing confidence score on record – structure must pass the quality gate before docking.
2026-05-20 13:20:01,308 - docking - WARNING - Skipping GEN_0005_esmfold: no passing confidence score on record – structure must pass the quality gate before docking.
2026-05-20 13:20:01,308 - docking - WARNING - Skipping GEN_0006_esmfold: no passing confidence score on record – structure must pass the quality gate before docking.
2026-05-20 13:20:01,309 - docking - WARNING - Skipping GEN_0007_esmfold: no passing confidence score on record – structure must pass the quality gate before docking.
2026-05-20 13:20:01,310 - docking - WARNING - Skipping GEN_0008_esmfold: no passing confidence score on record – structure must pass the quality gate before docking.
2026-05-20 13:20:01,311 - docking - WARNING - Skipping GEN_0009_esmfold: no passing confidence score on record – structure must pass the quality gate before docking.
2026-05-20 13:20:01,312 - docking - WARNING - Skipping GEN_0010_esmfold: no passing confidence score on record – structure must pass the quality gate before docking.
2026-05-20 13:20:01,312 - docking - WARNING - Skipping GEN_0011_esmfold: no passing confidence score on record – structure must pass the quality gate before docking.
2026-05-20 13:20:01,313 - docking - WARNING - Skipping GEN_0012_esmfold: no passing confidence score on record – structure must pass the quality gate before docking.
2026-05-20 13:20:01,314 - docking - WARNING - Skipping GEN_0013_esmfold: no passing confidence score on record – structure must pass the quality gate before docking.
2026-05-20 13:20:01,314 - docking - WARNING - Skipping GEN_0014_esmfold: no passing confidence score on record – structure must pass the quality gate before docking.
2026-05-20 13:20:01,316 - docking - WARNING - Skipping GEN_0015_esmfold: no passing confidence score on record – structure must pass the quality gate before docking.
2026-05-20 13:20:01,317 - docking - WARNING - Skipping GEN_0016_esmfold: no passing confidence score on record – structure must pass the quality gate before docking.
2026-05-20 13:20:01,318 - docking - WARNING - Skipping GEN_0017_esmfold: no passing confidence score on record – structure must pass the quality gate before docking.
2026-05-20 13:20:01,319 - docking - WARNING - Skipping GEN_0018_esmfold: no passing confidence score on record – structure must pass the quality gate before docking.
2026-05-20 13:20:01,320 - docking - WARNING - Skipping GEN_0019_esmfold: no passing confidence score on record – structure must pass the quality gate before docking.
2026-05-20 13:20:01,322 - docking - WARNING - Skipping GEN_0020_esmfold: no passing confidence score on record – structure must pass the quality gate before docking.
2026-05-20 13:20:01,324 - docking - INFO - Loaded 1 ligand structures (after confidence gate)
2026-05-20 13:20:01,324 - docking - INFO - Prepared target 1N8Z for docking
2026-05-20 13:20:01,324 - docking - INFO - Prepared ligand GEN_0001_esmfold for docking
2026-05-20 13:20:01,326 - docking - INFO - Docking completed for GEN_0001_esmfold: -8.64 kcal/mol
2026-05-20 13:20:01,340 - docking - INFO - Docking analysis completed. 1 docking runs performed.
2026-05-20 13:20:01,344 - __main__ - INFO - Docking analysis completed
2026-05-20 13:20:01,344 - __main__ - INFO - Starting stability analysis...
2026-05-20 13:20:01,345 - stability_analysis - INFO - Starting stability analysis...
2026-05-20 13:20:01,366 - stability_analysis - INFO - Loaded 1 top binders for stability analysis
2026-05-20 13:20:01,366 - stability_analysis - INFO - Running stability proxy analysis for GEN_0001_esmfold
2026-05-20 13:20:01,367 - stability_analysis - INFO - Stability proxy analysis completed for GEN_0001_esmfold
2026-05-20 13:20:01,375 - stability_analysis - INFO - Stability analysis completed. 1 structures analyzed.
2026-05-20 13:20:01,375 - __main__ - INFO - Stability analysis completed
2026-05-20 13:20:01,376 - __main__ - INFO - Starting developability assessment...
2026-05-20 13:20:01,376 - developability - INFO - Starting developability assessment...
2026-05-20 13:20:01,391 - developability - INFO - Loaded 1 stable candidates for developability assessment
2026-05-20 13:20:01,392 - developability - INFO - Assessed GEN_0001_esmfold: good
2026-05-20 13:20:01,395 - developability - INFO - Developability assessment completed. 1 candidates assessed.
2026-05-20 13:20:01,396 - __main__ - INFO - Developability assessment completed
2026-05-20 13:20:01,398 - __main__ - INFO - Starting HER2 comparison and healthy protein reaction analysis...
2026-05-20 13:20:01,399 - her2_comparison_analysis - INFO - Starting HER2 comparison analysis...
2026-05-20 13:20:01,402 - her2_comparison_analysis - INFO - HER2 comparison results saved to results\reports\her2_comparison_results.csv
2026-05-20 13:20:01,404 - her2_comparison_analysis - INFO - Starting healthy protein reaction analysis...
2026-05-20 13:20:01,404 - her2_comparison_analysis - INFO - Analyzing healthy protein reactions for HER2_therapeutic sequences...
2026-05-20 13:20:01,405 - her2_comparison_analysis - INFO - Analyzing healthy protein reactions for TNF_therapeutic sequences...
2026-05-20 13:20:01,410 - her2_comparison_analysis - INFO - Healthy protein reaction results saved to results\reports\healthy_protein_reaction_results.csv
2026-05-20 13:20:01,412 - her2_comparison_analysis - INFO - Summary report saved to results\reports\her2_healthy_protein_analysis_report.txt
2026-05-20 13:20:01,412 - __main__ - INFO - HER2 comparison and healthy protein reaction analysis completed
2026-05-20 13:20:01,412 - __main__ - INFO - Running scientific validation...
2026-05-20 13:20:01,422 - scientific_validation - INFO - Starting scientific validation...
2026-05-20 13:20:01,422 - scientific_validation - INFO - Running baseline comparison...
2026-05-20 13:20:01,431 - scientific_validation - INFO - Scientific validation completed
2026-05-20 13:20:01,431 - __main__ - INFO - Scientific validation completed
2026-05-20 13:20:01,432 - __main__ - INFO - Starting report generation...
2026-05-20 13:20:01,432 - reporting - INFO - Generating comprehensive pipeline report with complete combined reports...
2026-05-20 13:20:01,434 - reporting - INFO - Generating complete combined reports...
2026-05-20 13:20:01,434 - reporting - INFO - Creating visualizations...
2026-05-20 13:20:07,742 - reporting - WARNING - py3Dmol not available, creating text-based 3D description
2026-05-20 13:20:07,744 - reporting - INFO - Created text-based 3D structure description: results\reports\structure_3d_1_description.txt
2026-05-20 13:20:07,745 - reporting - WARNING - py3Dmol not available, creating text-based 3D description
2026-05-20 13:20:07,746 - reporting - INFO - Created text-based 3D structure description: results\reports\structure_3d_2_description.txt
2026-05-20 13:20:07,747 - reporting - WARNING - py3Dmol not available, creating text-based 3D description
2026-05-20 13:20:07,748 - reporting - INFO - Created text-based 3D structure description: results\reports\structure_3d_3_description.txt
2026-05-20 13:20:07,749 - reporting - WARNING - py3Dmol not available, creating text-based 3D description
2026-05-20 13:20:07,749 - reporting - INFO - Created text-based 3D structure description: results\reports\structure_3d_4_description.txt
2026-05-20 13:20:07,751 - reporting - WARNING - py3Dmol not available, creating text-based 3D description
2026-05-20 13:20:07,751 - reporting - INFO - Created text-based 3D structure description: results\reports\structure_3d_5_description.txt
2026-05-20 13:20:09,740 - reporting - INFO - Created interactive dashboard
2026-05-20 13:20:11,292 - reporting - INFO - Created scientific validation visualizations
2026-05-20 13:20:11,292 - reporting - INFO - Visualizations created
2026-05-20 13:20:11,292 - reporting - INFO - Creating comprehensive combined reports...
2026-05-20 13:20:11,295 - reporting - INFO - Combined reports generated: results\reports\complete_combined_report.txt, results\reports\complete_combined_report.csv
2026-05-20 13:20:11,296 - reporting - INFO - Complete combined reports generation finished
2026-05-20 13:20:11,303 - reporting - INFO - Complete report generation finished. Files saved to: results\reports
2026-05-20 13:20:11,304 - __main__ - INFO - Report generation completed
2026-05-20 13:20:11,304 - __main__ - INFO - Pipeline completed successfully in 0:00:15.965118
2026-05-20 13:20:11,304 - __main__ - INFO - Results saved to: results\reports
2026-05-20 13:20:11,308 - __main__ - INFO - Final summary saved to: results\reports\pipeline_final_summary.yaml
2026-05-20 15:52:21,562 - __main__ - INFO - Initializing pipeline stages...
2026-05-20 15:52:21,575 - __main__ - INFO - All pipeline stages initialized successfully
2026-05-20 15:52:21,575 - __main__ - INFO - Starting full AI Protein Design Pipeline...
2026-05-20 15:52:21,575 - __main__ - INFO - Starting data collection...
2026-05-20 15:52:21,575 - data_collection - INFO - Starting data collection process...
2026-05-20 15:52:21,575 - data_collection - INFO - Collecting sequences for all targets
2026-05-20 15:52:21,575 - data_collection - INFO - ERBB2-family file already exists: data\raw\ERBB2_family_uniprot.fasta
2026-05-20 15:52:22,586 - data_collection - INFO - Downloaded UniProt sequence: data\raw\HER2_therapeutic_uniprot.fasta
2026-05-20 15:52:23,323 - data_collection - INFO - Downloaded UniProt sequence: data\raw\TNF_therapeutic_uniprot.fasta
2026-05-20 15:52:23,328 - data_collection - INFO - Collecting PDB structures for all targets
2026-05-20 15:52:24,886 - data_collection - INFO - Downloaded PDB structure: data\raw\1N8Z.pdb
2026-05-20 15:52:25,860 - data_collection - INFO - Downloaded PDB structure: data\raw\1TNF.pdb
2026-05-20 15:52:25,860 - data_collection - INFO - Collecting AlphaFold structures for all targets
2026-05-20 15:52:26,576 - data_collection - WARNING - AlphaFold structure not found for HER2_therapeutic: https://alphafold.ebi.ac.uk/files/AF-P04626-F1-model_v4.pdb
2026-05-20 15:52:27,162 - data_collection - WARNING - AlphaFold structure not found for TNF_therapeutic: https://alphafold.ebi.ac.uk/files/AF-P01375-F1-model_v4.pdb
2026-05-20 15:52:27,162 - data_collection - INFO - Collecting related sequences for reference...
2026-05-20 15:52:27,162 - data_collection - INFO - Created related sequences file: data\raw\related_sequences.fasta
2026-05-20 15:52:27,162 - data_collection - INFO - Data collection completed. Collected 5 files.
2026-05-20 15:52:27,162 - __main__ - INFO - Data collection completed
2026-05-20 15:52:27,162 - __main__ - INFO - Starting data preprocessing...
2026-05-20 15:52:27,162 - data_preprocessing - INFO - Starting data preprocessing...
2026-05-20 15:52:27,178 - data_preprocessing - INFO - Loaded 400 sequences from data\raw\ERBB2_family_uniprot.fasta
2026-05-20 15:52:27,178 - data_preprocessing - INFO - Loaded 1 sequences from data\raw\HER2_therapeutic_uniprot.fasta
2026-05-20 15:52:27,178 - data_preprocessing - INFO - Loaded 3 sequences from data\raw\related_sequences.fasta
2026-05-20 15:52:27,178 - data_preprocessing - INFO - Loaded 1 sequences from data\raw\TNF_therapeutic_uniprot.fasta
2026-05-20 15:52:27,178 - data_preprocessing - INFO - Loaded 405 total sequences
2026-05-20 15:52:27,178 - data_preprocessing - INFO - Filtered 12/405 sequences by length
2026-05-20 15:52:27,178 - data_preprocessing - INFO - After length filter (30–1000 aa): 12/405 sequences retained
2026-05-20 15:52:27,178 - data_preprocessing - INFO - Removed duplicates: 12 -> 11 sequences
2026-05-20 15:52:27,194 - data_preprocessing - INFO - Creating deep learning datasets...
2026-05-20 15:52:27,209 - data_preprocessing - INFO - Created tensor dataset with shape: torch.Size([11, 512])
2026-05-20 15:52:27,209 - data_preprocessing - INFO - Saved tensor dataset: data\processed\protein_dataset.pt
2026-05-20 15:52:27,209 - data_preprocessing - INFO - Created DataLoader with 8 sequences
2026-05-20 15:52:27,209 - data_preprocessing - INFO - Created DataLoader with 3 sequences
2026-05-20 15:52:27,209 - data_preprocessing - INFO - Created tensor dataset with shape: torch.Size([8, 512])
2026-05-20 15:52:27,209 - data_preprocessing - INFO - Created tensor dataset with shape: torch.Size([3, 512])
2026-05-20 15:52:27,209 - data_preprocessing - INFO - Saved train/validation datasets
2026-05-20 15:52:27,209 - data_preprocessing - INFO - Preprocessing completed. Saved 11 sequences.
2026-05-20 15:52:27,209 - data_preprocessing - INFO - Starting structure preprocessing...
2026-05-20 15:52:27,366 - data_preprocessing - INFO - Processed structure: 1N8Z.pdb
2026-05-20 15:52:27,426 - data_preprocessing - INFO - Processed structure: 1TNF.pdb
2026-05-20 15:52:27,426 - __main__ - INFO - Data preprocessing completed
2026-05-20 15:52:27,426 - __main__ - INFO - Starting sequence generation...
2026-05-20 15:52:27,426 - __main__ - INFO - Generating sequences for HER2_therapeutic
2026-05-20 15:52:27,426 - sequence_generation - INFO - Starting ProGAN sequence generation with HER2 comparison...
2026-05-20 15:52:27,441 - sequence_generation - INFO - Prepared 8 sequences for training
2026-05-20 15:52:27,774 - sequence_generation - INFO - Loaded trained ProGAN model from results\sequences\protein_progan.pth
2026-05-20 15:52:27,791 - sequence_generation - INFO - Generating 20 sequences with ProGAN (min 100 aa)
2026-05-20 15:52:27,828 - sequence_generation - INFO - Rejection-sampling attempt 1: 1/20 pass. Retrying…
2026-05-20 15:52:27,864 - sequence_generation - INFO - Rejection-sampling attempt 2: 1/20 pass. Retrying…
2026-05-20 15:52:27,893 - sequence_generation - INFO - Rejection-sampling attempt 3: 2/20 pass. Retrying…
2026-05-20 15:52:27,917 - sequence_generation - INFO - Rejection-sampling attempt 4: 2/20 pass. Retrying…
2026-05-20 15:52:27,957 - sequence_generation - INFO - Rejection-sampling attempt 5: 2/20 pass. Retrying…
2026-05-20 15:52:27,957 - sequence_generation - WARNING - Rejection sampling exhausted after 5 attempts; returning 2 sequences (target was 20).
2026-05-20 15:52:27,957 - sequence_generation - INFO - Applying personalization constraints...
2026-05-20 15:52:27,957 - sequence_generation - INFO - Applied personalization constraints to 2 sequences
2026-05-20 15:52:27,957 - sequence_generation - INFO - Comparing generated sequences with HER2 standard...
2026-05-20 15:52:27,957 - sequence_generation - INFO - Analyzing reaction of generated proteins with healthy proteins...
2026-05-20 15:52:27,964 - sequence_generation - INFO - Generated 2 sequences using ProGAN with HER2 comparison
2026-05-20 15:52:27,964 - __main__ - INFO - Applying personalization constraints...
2026-05-20 15:52:27,964 - variant_annotation - INFO - Generating personalized sequences...
2026-05-20 15:52:27,964 - variant_annotation - WARNING - Variant file not found: data\genomic_variants.vcf
2026-05-20 15:52:27,964 - variant_annotation - WARNING - No variant data available, returning base sequences
2026-05-20 15:52:27,964 - __main__ - INFO - Generating sequences for TNF_therapeutic
2026-05-20 15:52:27,983 - sequence_generation - INFO - Starting ProGAN sequence generation with HER2 comparison...
2026-05-20 15:52:27,983 - sequence_generation - INFO - Prepared 8 sequences for training
2026-05-20 15:52:28,336 - sequence_generation - INFO - Loaded trained ProGAN model from results\sequences\protein_progan.pth
2026-05-20 15:52:28,336 - sequence_generation - INFO - Generating 20 sequences with ProGAN (min 100 aa)
2026-05-20 15:52:28,367 - sequence_generation - INFO - Rejection-sampling attempt 1: 0/20 pass. Retrying…
2026-05-20 15:52:28,411 - sequence_generation - INFO - Rejection-sampling attempt 2: 0/20 pass. Retrying…
2026-05-20 15:52:28,445 - sequence_generation - INFO - Rejection-sampling attempt 3: 1/20 pass. Retrying…
2026-05-20 15:52:28,479 - sequence_generation - INFO - Rejection-sampling attempt 4: 1/20 pass. Retrying…
2026-05-20 15:52:28,513 - sequence_generation - INFO - Rejection-sampling attempt 5: 1/20 pass. Retrying…
2026-05-20 15:52:28,513 - sequence_generation - WARNING - Rejection sampling exhausted after 5 attempts; returning 1 sequences (target was 20).
2026-05-20 15:52:28,513 - sequence_generation - INFO - Applying personalization constraints...
2026-05-20 15:52:28,513 - sequence_generation - INFO - Applied personalization constraints to 1 sequences
2026-05-20 15:52:28,513 - sequence_generation - INFO - Comparing generated sequences with HER2 standard...
2026-05-20 15:52:28,513 - sequence_generation - INFO - Analyzing reaction of generated proteins with healthy proteins...
2026-05-20 15:52:28,513 - sequence_generation - INFO - Generated 1 sequences using ProGAN with HER2 comparison
2026-05-20 15:52:28,513 - __main__ - INFO - Applying personalization constraints...
2026-05-20 15:52:28,513 - variant_annotation - INFO - Generating personalized sequences...
2026-05-20 15:52:28,513 - variant_annotation - WARNING - Variant file not found: data\genomic_variants.vcf
2026-05-20 15:52:28,513 - variant_annotation - WARNING - No variant data available, returning base sequences
2026-05-20 15:52:28,513 - __main__ - INFO - Sequence generation completed for all targets
2026-05-20 15:52:28,535 - __main__ - INFO - Starting structure prediction...
2026-05-20 15:52:28,535 - structure_prediction - INFO - Starting structure prediction...
2026-05-20 15:52:28,557 - structure_prediction - INFO - Loaded 1 sequences for structure prediction
2026-05-20 15:52:28,557 - structure_prediction - WARNING - ESMFold not available, using mock prediction
2026-05-20 15:52:28,557 - structure_prediction - INFO - Creating mock prediction for GEN_0001
2026-05-20 15:52:28,557 - structure_prediction - INFO - High confidence structures: 1
2026-05-20 15:52:28,561 - structure_prediction - INFO - Low confidence structures: 0
2026-05-20 15:52:28,561 - structure_prediction - INFO - Structure prediction completed. 1 high-confidence structures.
2026-05-20 15:52:28,561 - __main__ - INFO - Structure prediction completed
2026-05-20 15:52:28,561 - __main__ - INFO - Starting docking analysis...
2026-05-20 15:52:28,561 - docking - INFO - Starting docking analysis...
2026-05-20 15:52:28,561 - docking - INFO - Using target structure: data\processed\1N8Z.pdb
2026-05-20 15:52:28,590 - docking - WARNING - Skipping GEN_0002_esmfold: no passing confidence score on record – structure must pass the quality gate before docking.
2026-05-20 15:52:28,591 - docking - WARNING - Skipping GEN_0003_esmfold: no passing confidence score on record – structure must pass the quality gate before docking.
2026-05-20 15:52:28,592 - docking - WARNING - Skipping GEN_0004_esmfold: no passing confidence score on record – structure must pass the quality gate before docking.
2026-05-20 15:52:28,592 - docking - WARNING - Skipping GEN_0005_esmfold: no passing confidence score on record – structure must pass the quality gate before docking.
2026-05-20 15:52:28,592 - docking - WARNING - Skipping GEN_0006_esmfold: no passing confidence score on record – structure must pass the quality gate before docking.
2026-05-20 15:52:28,592 - docking - WARNING - Skipping GEN_0007_esmfold: no passing confidence score on record – structure must pass the quality gate before docking.
2026-05-20 15:52:28,595 - docking - WARNING - Skipping GEN_0008_esmfold: no passing confidence score on record – structure must pass the quality gate before docking.
2026-05-20 15:52:28,595 - docking - WARNING - Skipping GEN_0009_esmfold: no passing confidence score on record – structure must pass the quality gate before docking.
2026-05-20 15:52:28,595 - docking - WARNING - Skipping GEN_0010_esmfold: no passing confidence score on record – structure must pass the quality gate before docking.
2026-05-20 15:52:28,595 - docking - WARNING - Skipping GEN_0011_esmfold: no passing confidence score on record – structure must pass the quality gate before docking.
2026-05-20 15:52:28,595 - docking - WARNING - Skipping GEN_0012_esmfold: no passing confidence score on record – structure must pass the quality gate before docking.
2026-05-20 15:52:28,595 - docking - WARNING - Skipping GEN_0013_esmfold: no passing confidence score on record – structure must pass the quality gate before docking.
2026-05-20 15:52:28,595 - docking - WARNING - Skipping GEN_0014_esmfold: no passing confidence score on record – structure must pass the quality gate before docking.
2026-05-20 15:52:28,595 - docking - WARNING - Skipping GEN_0015_esmfold: no passing confidence score on record – structure must pass the quality gate before docking.
2026-05-20 15:52:28,595 - docking - WARNING - Skipping GEN_0016_esmfold: no passing confidence score on record – structure must pass the quality gate before docking.
2026-05-20 15:52:28,603 - docking - WARNING - Skipping GEN_0017_esmfold: no passing confidence score on record – structure must pass the quality gate before docking.
2026-05-20 15:52:28,603 - docking - WARNING - Skipping GEN_0018_esmfold: no passing confidence score on record – structure must pass the quality gate before docking.
2026-05-20 15:52:28,603 - docking - WARNING - Skipping GEN_0019_esmfold: no passing confidence score on record – structure must pass the quality gate before docking.
2026-05-20 15:52:28,603 - docking - WARNING - Skipping GEN_0020_esmfold: no passing confidence score on record – structure must pass the quality gate before docking.
2026-05-20 15:52:28,603 - docking - INFO - Loaded 1 ligand structures (after confidence gate)
2026-05-20 15:52:28,603 - docking - INFO - Prepared target 1N8Z for docking
2026-05-20 15:52:28,603 - docking - INFO - Prepared ligand GEN_0001_esmfold for docking
2026-05-20 15:52:28,611 - docking - INFO - Docking completed for GEN_0001_esmfold: -10.04 kcal/mol
2026-05-20 15:52:28,615 - docking - INFO - Docking analysis completed. 1 docking runs performed.
2026-05-20 15:52:28,628 - __main__ - INFO - Docking analysis completed
2026-05-20 15:52:28,628 - __main__ - INFO - Starting stability analysis...
2026-05-20 15:52:28,628 - stability_analysis - INFO - Starting stability analysis...
2026-05-20 15:52:28,646 - stability_analysis - INFO - Loaded 1 top binders for stability analysis
2026-05-20 15:52:28,646 - stability_analysis - INFO - Running stability proxy analysis for GEN_0001_esmfold
2026-05-20 15:52:28,646 - stability_analysis - INFO - Stability proxy analysis completed for GEN_0001_esmfold
2026-05-20 15:52:28,646 - stability_analysis - INFO - Stability analysis completed. 1 structures analyzed.
2026-05-20 15:52:28,646 - __main__ - INFO - Stability analysis completed
2026-05-20 15:52:28,646 - __main__ - INFO - Starting developability assessment...
2026-05-20 15:52:28,646 - developability - INFO - Starting developability assessment...
2026-05-20 15:52:28,739 - developability - INFO - Loaded 1 stable candidates for developability assessment
2026-05-20 15:52:28,739 - developability - INFO - Assessed GEN_0001_esmfold: good
2026-05-20 15:52:28,747 - developability - INFO - Developability assessment completed. 1 candidates assessed.
2026-05-20 15:52:28,747 - __main__ - INFO - Developability assessment completed
2026-05-20 15:52:28,747 - __main__ - INFO - Starting HER2 comparison and healthy protein reaction analysis...
2026-05-20 15:52:28,747 - her2_comparison_analysis - INFO - Starting HER2 comparison analysis...
2026-05-20 15:52:28,747 - her2_comparison_analysis - INFO - HER2 comparison results saved to results\reports\her2_comparison_results.csv
2026-05-20 15:52:28,747 - her2_comparison_analysis - INFO - Starting healthy protein reaction analysis...
2026-05-20 15:52:28,747 - her2_comparison_analysis - INFO - Analyzing healthy protein reactions for HER2_therapeutic sequences...
2026-05-20 15:52:28,747 - her2_comparison_analysis - INFO - Analyzing healthy protein reactions for TNF_therapeutic sequences...
2026-05-20 15:52:28,773 - her2_comparison_analysis - INFO - Healthy protein reaction results saved to results\reports\healthy_protein_reaction_results.csv
2026-05-20 15:52:28,775 - her2_comparison_analysis - INFO - Summary report saved to results\reports\her2_healthy_protein_analysis_report.txt
2026-05-20 15:52:28,775 - __main__ - INFO - HER2 comparison and healthy protein reaction analysis completed
2026-05-20 15:52:28,775 - __main__ - INFO - Running scientific validation...
2026-05-20 15:52:28,781 - scientific_validation - INFO - Starting scientific validation...
2026-05-20 15:52:28,781 - scientific_validation - INFO - Running baseline comparison...
2026-05-20 15:52:28,790 - scientific_validation - INFO - Scientific validation completed
2026-05-20 15:52:28,790 - __main__ - INFO - Scientific validation completed
2026-05-20 15:52:28,790 - __main__ - INFO - Starting report generation...
2026-05-20 15:52:28,790 - reporting - INFO - Generating comprehensive pipeline report with complete combined reports...
2026-05-20 15:52:28,790 - reporting - INFO - Generating complete combined reports...
2026-05-20 15:52:28,795 - reporting - INFO - Creating visualizations...
2026-05-20 15:52:35,993 - reporting - WARNING - py3Dmol not available, creating text-based 3D description
2026-05-20 15:52:35,993 - reporting - INFO - Created text-based 3D structure description: results\reports\structure_3d_1_description.txt
2026-05-20 15:52:35,993 - reporting - WARNING - py3Dmol not available, creating text-based 3D description
2026-05-20 15:52:35,993 - reporting - INFO - Created text-based 3D structure description: results\reports\structure_3d_2_description.txt
2026-05-20 15:52:35,993 - reporting - WARNING - py3Dmol not available, creating text-based 3D description
2026-05-20 15:52:35,993 - reporting - INFO - Created text-based 3D structure description: results\reports\structure_3d_3_description.txt
2026-05-20 15:52:35,993 - reporting - WARNING - py3Dmol not available, creating text-based 3D description
2026-05-20 15:52:35,993 - reporting - INFO - Created text-based 3D structure description: results\reports\structure_3d_4_description.txt
2026-05-20 15:52:35,993 - reporting - WARNING - py3Dmol not available, creating text-based 3D description
2026-05-20 15:52:35,993 - reporting - INFO - Created text-based 3D structure description: results\reports\structure_3d_5_description.txt
2026-05-20 15:52:38,227 - reporting - INFO - Created interactive dashboard
2026-05-20 15:52:39,917 - reporting - INFO - Created scientific validation visualizations
2026-05-20 15:52:39,917 - reporting - INFO - Visualizations created
2026-05-20 15:52:39,917 - reporting - INFO - Creating comprehensive combined reports...
2026-05-20 15:52:39,933 - reporting - INFO - Combined reports generated: results\reports\complete_combined_report.txt, results\reports\complete_combined_report.csv
2026-05-20 15:52:39,933 - reporting - INFO - Complete combined reports generation finished
2026-05-20 15:52:39,933 - reporting - INFO - Complete report generation finished. Files saved to: results\reports
2026-05-20 15:52:39,933 - __main__ - INFO - Report generation completed
2026-05-20 15:52:39,933 - __main__ - INFO - Pipeline completed successfully in 0:00:18.358227
2026-05-20 15:52:39,933 - __main__ - INFO - Results saved to: results\reports
2026-05-20 15:52:39,948 - __main__ - INFO - Final summary saved to: results\reports\pipeline_final_summary.yaml
2026-05-21 21:41:26,887 - __main__ - INFO - Initializing pipeline stages...
2026-05-21 21:41:26,887 - __main__ - INFO - All pipeline stages initialized successfully
2026-05-21 21:41:26,887 - __main__ - INFO - Running partial pipeline: ['data_collection', 'data_preprocessing', 'sequence_generation', 'structure_prediction', 'docking_analysis', 'stability_analysis', 'developability_assessment', 'her2_comparison_analysis']
2026-05-21 21:41:26,887 - __main__ - INFO - Starting data collection...
2026-05-21 21:41:26,887 - data_collection - INFO - Starting data collection process...
2026-05-21 21:41:26,887 - data_collection - INFO - Collecting sequences for all targets
2026-05-21 21:41:26,908 - data_collection - INFO - ERBB2-family file already exists: data\raw\ERBB2_family_uniprot.fasta
2026-05-21 21:41:27,805 - data_collection - INFO - Downloaded UniProt sequence: data\raw\HER2_therapeutic_uniprot.fasta
2026-05-21 21:41:28,489 - data_collection - INFO - Downloaded UniProt sequence: data\raw\TNF_therapeutic_uniprot.fasta
2026-05-21 21:41:28,489 - data_collection - INFO - Collecting PDB structures for all targets
2026-05-21 21:41:29,571 - data_collection - INFO - Downloaded PDB structure: data\raw\1N8Z.pdb
2026-05-21 21:41:30,370 - data_collection - INFO - Downloaded PDB structure: data\raw\1TNF.pdb
2026-05-21 21:41:30,372 - data_collection - INFO - Collecting AlphaFold structures for all targets
2026-05-21 21:41:30,842 - data_collection - WARNING - AlphaFold structure not found for HER2_therapeutic: https://alphafold.ebi.ac.uk/files/AF-P04626-F1-model_v4.pdb
2026-05-21 21:41:31,272 - data_collection - WARNING - AlphaFold structure not found for TNF_therapeutic: https://alphafold.ebi.ac.uk/files/AF-P01375-F1-model_v4.pdb
2026-05-21 21:41:31,272 - data_collection - INFO - Collecting related sequences for reference...
2026-05-21 21:41:31,272 - data_collection - INFO - Created related sequences file: data\raw\related_sequences.fasta
2026-05-21 21:41:31,272 - data_collection - INFO - Data collection completed. Collected 5 files.
2026-05-21 21:41:31,272 - __main__ - INFO - Data collection completed
2026-05-21 21:41:31,283 - __main__ - INFO - Starting data preprocessing...
2026-05-21 21:41:31,284 - data_preprocessing - INFO - Starting data preprocessing...
2026-05-21 21:41:31,323 - data_preprocessing - INFO - Loaded 400 sequences from data\raw\ERBB2_family_uniprot.fasta
2026-05-21 21:41:31,338 - data_preprocessing - INFO - Loaded 1 sequences from data\raw\HER2_therapeutic_uniprot.fasta
2026-05-21 21:41:31,348 - data_preprocessing - INFO - Loaded 3 sequences from data\raw\related_sequences.fasta
2026-05-21 21:41:31,358 - data_preprocessing - INFO - Loaded 1 sequences from data\raw\TNF_therapeutic_uniprot.fasta
2026-05-21 21:41:31,359 - data_preprocessing - INFO - Loaded 405 total sequences
2026-05-21 21:41:31,359 - data_preprocessing - INFO - Filtered 12/405 sequences by length
2026-05-21 21:41:31,359 - data_preprocessing - INFO - After length filter (30–1000 aa): 12/405 sequences retained
2026-05-21 21:41:31,360 - data_preprocessing - INFO - Removed duplicates: 12 -> 11 sequences
2026-05-21 21:41:31,408 - data_preprocessing - INFO - Creating deep learning datasets...
2026-05-21 21:41:31,430 - data_preprocessing - INFO - Created tensor dataset with shape: torch.Size([11, 512])
2026-05-21 21:41:31,436 - data_preprocessing - INFO - Saved tensor dataset: data\processed\protein_dataset.pt
2026-05-21 21:41:31,437 - data_preprocessing - INFO - Created DataLoader with 8 sequences
2026-05-21 21:41:31,439 - data_preprocessing - INFO - Created DataLoader with 3 sequences
2026-05-21 21:41:31,443 - data_preprocessing - INFO - Created tensor dataset with shape: torch.Size([8, 512])
2026-05-21 21:41:31,444 - data_preprocessing - INFO - Created tensor dataset with shape: torch.Size([3, 512])
2026-05-21 21:41:31,449 - data_preprocessing - INFO - Saved train/validation datasets
2026-05-21 21:41:31,454 - data_preprocessing - INFO - Preprocessing completed. Saved 11 sequences.
2026-05-21 21:41:31,457 - data_preprocessing - INFO - Starting structure preprocessing...
2026-05-21 21:41:31,604 - data_preprocessing - INFO - Processed structure: 1N8Z.pdb
2026-05-21 21:41:31,655 - data_preprocessing - INFO - Processed structure: 1TNF.pdb
2026-05-21 21:41:31,655 - __main__ - INFO - Data preprocessing completed
2026-05-21 21:41:31,655 - __main__ - INFO - Starting sequence generation...
2026-05-21 21:41:31,655 - __main__ - INFO - Generating sequences for HER2_therapeutic
2026-05-21 21:41:31,655 - sequence_generation - INFO - Starting ProGAN sequence generation with HER2 comparison...
2026-05-21 21:41:31,681 - sequence_generation - INFO - Prepared 8 sequences for training
2026-05-21 21:41:32,761 - sequence_generation - INFO - Loaded trained ProGAN model from results\sequences\protein_progan.pth
2026-05-21 21:41:32,762 - sequence_generation - INFO - Generating 20 sequences with ProGAN (min 100 aa)
2026-05-21 21:41:32,839 - sequence_generation - INFO - Rejection-sampling attempt 1: 1/20 pass. Retrying…
2026-05-21 21:41:32,876 - sequence_generation - INFO - Rejection-sampling attempt 2: 2/20 pass. Retrying…
2026-05-21 21:41:32,900 - sequence_generation - INFO - Rejection-sampling attempt 3: 3/20 pass. Retrying…
2026-05-21 21:41:32,938 - sequence_generation - INFO - Rejection-sampling attempt 4: 3/20 pass. Retrying…
2026-05-21 21:41:32,974 - sequence_generation - INFO - Rejection-sampling attempt 5: 4/20 pass. Retrying…
2026-05-21 21:41:32,975 - sequence_generation - WARNING - Rejection sampling exhausted after 5 attempts; returning 4 sequences (target was 20).
2026-05-21 21:41:32,975 - sequence_generation - INFO - Applying personalization constraints...
2026-05-21 21:41:32,976 - sequence_generation - INFO - Applied personalization constraints to 4 sequences
2026-05-21 21:41:32,977 - sequence_generation - INFO - Comparing generated sequences with HER2 standard...
2026-05-21 21:41:32,978 - sequence_generation - INFO - Analyzing reaction of generated proteins with healthy proteins...
2026-05-21 21:41:32,983 - sequence_generation - INFO - Generated 4 sequences using ProGAN with HER2 comparison
2026-05-21 21:41:32,983 - __main__ - INFO - Applying personalization constraints...
2026-05-21 21:41:32,984 - variant_annotation - INFO - Generating personalized sequences...
2026-05-21 21:41:32,984 - variant_annotation - WARNING - Variant file not found: data\genomic_variants.vcf
2026-05-21 21:41:32,984 - variant_annotation - WARNING - No variant data available, returning base sequences
2026-05-21 21:41:32,984 - __main__ - INFO - Generating sequences for TNF_therapeutic
2026-05-21 21:41:32,986 - sequence_generation - INFO - Starting ProGAN sequence generation with HER2 comparison...
2026-05-21 21:41:32,989 - sequence_generation - INFO - Prepared 8 sequences for training
2026-05-21 21:41:33,276 - sequence_generation - INFO - Loaded trained ProGAN model from results\sequences\protein_progan.pth
2026-05-21 21:41:33,276 - sequence_generation - INFO - Generating 20 sequences with ProGAN (min 100 aa)
2026-05-21 21:41:33,304 - sequence_generation - INFO - Rejection-sampling attempt 1: 0/20 pass. Retrying…
2026-05-21 21:41:33,326 - sequence_generation - INFO - Rejection-sampling attempt 2: 1/20 pass. Retrying…
2026-05-21 21:41:33,361 - sequence_generation - INFO - Rejection-sampling attempt 3: 1/20 pass. Retrying…
2026-05-21 21:41:33,388 - sequence_generation - INFO - Rejection-sampling attempt 4: 1/20 pass. Retrying…
2026-05-21 21:41:33,410 - sequence_generation - INFO - Rejection-sampling attempt 5: 1/20 pass. Retrying…
2026-05-21 21:41:33,410 - sequence_generation - WARNING - Rejection sampling exhausted after 5 attempts; returning 1 sequences (target was 20).
2026-05-21 21:41:33,410 - sequence_generation - INFO - Applying personalization constraints...
2026-05-21 21:41:33,410 - sequence_generation - INFO - Applied personalization constraints to 1 sequences
2026-05-21 21:41:33,410 - sequence_generation - INFO - Comparing generated sequences with HER2 standard...
2026-05-21 21:41:33,410 - sequence_generation - INFO - Analyzing reaction of generated proteins with healthy proteins...
2026-05-21 21:41:33,421 - sequence_generation - INFO - Generated 1 sequences using ProGAN with HER2 comparison
2026-05-21 21:41:33,421 - __main__ - INFO - Applying personalization constraints...
2026-05-21 21:41:33,423 - variant_annotation - INFO - Generating personalized sequences...
2026-05-21 21:41:33,423 - variant_annotation - WARNING - Variant file not found: data\genomic_variants.vcf
2026-05-21 21:41:33,423 - variant_annotation - WARNING - No variant data available, returning base sequences
2026-05-21 21:41:33,423 - __main__ - INFO - Sequence generation completed for all targets
2026-05-21 21:41:33,424 - __main__ - INFO - Starting structure prediction...
2026-05-21 21:41:33,424 - structure_prediction - INFO - Starting structure prediction...
2026-05-21 21:41:33,429 - structure_prediction - INFO - Loaded 1 sequences for structure prediction
2026-05-21 21:41:33,429 - structure_prediction - WARNING - ESMFold not available, using mock prediction
2026-05-21 21:41:33,436 - structure_prediction - INFO - Creating mock prediction for GEN_0001
2026-05-21 21:41:33,440 - structure_prediction - INFO - High confidence structures: 1
2026-05-21 21:41:33,441 - structure_prediction - INFO - Low confidence structures: 0
2026-05-21 21:41:33,444 - structure_prediction - INFO - Structure prediction completed. 1 high-confidence structures.
2026-05-21 21:41:33,444 - __main__ - INFO - Structure prediction completed
2026-05-21 21:41:33,445 - __main__ - INFO - Starting docking analysis...
2026-05-21 21:41:33,445 - docking - INFO - Starting docking analysis...
2026-05-21 21:41:33,445 - docking - INFO - Using target structure: data\processed\1N8Z.pdb
2026-05-21 21:41:33,462 - docking - WARNING - Skipping GEN_0002_esmfold: no passing confidence score on record – structure must pass the quality gate before docking.
2026-05-21 21:41:33,462 - docking - WARNING - Skipping GEN_0003_esmfold: no passing confidence score on record – structure must pass the quality gate before docking.
2026-05-21 21:41:33,462 - docking - WARNING - Skipping GEN_0004_esmfold: no passing confidence score on record – structure must pass the quality gate before docking.
2026-05-21 21:41:33,462 - docking - WARNING - Skipping GEN_0005_esmfold: no passing confidence score on record – structure must pass the quality gate before docking.
2026-05-21 21:41:33,462 - docking - WARNING - Skipping GEN_0006_esmfold: no passing confidence score on record – structure must pass the quality gate before docking.
2026-05-21 21:41:33,462 - docking - WARNING - Skipping GEN_0007_esmfold: no passing confidence score on record – structure must pass the quality gate before docking.
2026-05-21 21:41:33,462 - docking - WARNING - Skipping GEN_0008_esmfold: no passing confidence score on record – structure must pass the quality gate before docking.
2026-05-21 21:41:33,462 - docking - WARNING - Skipping GEN_0009_esmfold: no passing confidence score on record – structure must pass the quality gate before docking.
2026-05-21 21:41:33,462 - docking - WARNING - Skipping GEN_0010_esmfold: no passing confidence score on record – structure must pass the quality gate before docking.
2026-05-21 21:41:33,462 - docking - WARNING - Skipping GEN_0011_esmfold: no passing confidence score on record – structure must pass the quality gate before docking.
2026-05-21 21:41:33,469 - docking - WARNING - Skipping GEN_0012_esmfold: no passing confidence score on record – structure must pass the quality gate before docking.
2026-05-21 21:41:33,471 - docking - WARNING - Skipping GEN_0013_esmfold: no passing confidence score on record – structure must pass the quality gate before docking.
2026-05-21 21:41:33,473 - docking - WARNING - Skipping GEN_0014_esmfold: no passing confidence score on record – structure must pass the quality gate before docking.
2026-05-21 21:41:33,473 - docking - WARNING - Skipping GEN_0015_esmfold: no passing confidence score on record – structure must pass the quality gate before docking.
2026-05-21 21:41:33,474 - docking - WARNING - Skipping GEN_0016_esmfold: no passing confidence score on record – structure must pass the quality gate before docking.
2026-05-21 21:41:33,476 - docking - WARNING - Skipping GEN_0017_esmfold: no passing confidence score on record – structure must pass the quality gate before docking.
2026-05-21 21:41:33,477 - docking - WARNING - Skipping GEN_0018_esmfold: no passing confidence score on record – structure must pass the quality gate before docking.
2026-05-21 21:41:33,477 - docking - WARNING - Skipping GEN_0019_esmfold: no passing confidence score on record – structure must pass the quality gate before docking.
2026-05-21 21:41:33,477 - docking - WARNING - Skipping GEN_0020_esmfold: no passing confidence score on record – structure must pass the quality gate before docking.
2026-05-21 21:41:33,477 - docking - INFO - Loaded 1 ligand structures (after confidence gate)
2026-05-21 21:41:33,477 - docking - INFO - Prepared target 1N8Z for docking
2026-05-21 21:41:33,477 - docking - INFO - Prepared ligand GEN_0001_esmfold for docking
2026-05-21 21:41:33,477 - docking - INFO - Docking completed for GEN_0001_esmfold: -8.81 kcal/mol
2026-05-21 21:41:33,491 - docking - INFO - Docking analysis completed. 1 docking runs performed.
2026-05-21 21:41:33,495 - __main__ - INFO - Docking analysis completed
2026-05-21 21:41:33,495 - __main__ - INFO - Starting stability analysis...
2026-05-21 21:41:33,495 - stability_analysis - INFO - Starting stability analysis...
2026-05-21 21:41:33,510 - stability_analysis - INFO - Loaded 1 top binders for stability analysis
2026-05-21 21:41:33,510 - stability_analysis - INFO - Running stability proxy analysis for GEN_0001_esmfold
2026-05-21 21:41:33,511 - stability_analysis - INFO - Stability proxy analysis completed for GEN_0001_esmfold
2026-05-21 21:41:33,514 - stability_analysis - INFO - Stability analysis completed. 1 structures analyzed.
2026-05-21 21:41:33,515 - __main__ - INFO - Stability analysis completed
2026-05-21 21:41:33,515 - __main__ - INFO - Starting developability assessment...
2026-05-21 21:41:33,515 - developability - INFO - Starting developability assessment...
2026-05-21 21:41:33,529 - developability - INFO - Loaded 1 stable candidates for developability assessment
2026-05-21 21:41:33,531 - developability - INFO - Assessed GEN_0001_esmfold: excellent
2026-05-21 21:41:33,533 - developability - INFO - Developability assessment completed. 1 candidates assessed.
2026-05-21 21:41:33,533 - __main__ - INFO - Developability assessment completed
2026-05-21 21:41:33,533 - __main__ - INFO - Starting HER2 comparison and healthy protein reaction analysis...
2026-05-21 21:41:33,533 - her2_comparison_analysis - INFO - Starting HER2 comparison analysis...
2026-05-21 21:41:33,533 - her2_comparison_analysis - INFO - HER2 comparison results saved to results\reports\her2_comparison_results.csv
2026-05-21 21:41:33,538 - her2_comparison_analysis - INFO - Starting healthy protein reaction analysis...
2026-05-21 21:41:33,538 - her2_comparison_analysis - INFO - Analyzing healthy protein reactions for HER2_therapeutic sequences...
2026-05-21 21:41:33,538 - her2_comparison_analysis - INFO - Analyzing healthy protein reactions for TNF_therapeutic sequences...
2026-05-21 21:41:33,543 - her2_comparison_analysis - INFO - Healthy protein reaction results saved to results\reports\healthy_protein_reaction_results.csv
2026-05-21 21:41:33,544 - her2_comparison_analysis - INFO - Summary report saved to results\reports\her2_healthy_protein_analysis_report.txt
2026-05-21 21:41:33,545 - __main__ - INFO - HER2 comparison and healthy protein reaction analysis completed
2026-05-21 22:28:14,118 - __main__ - INFO - Initializing pipeline stages...
2026-05-21 22:28:14,124 - __main__ - INFO - All pipeline stages initialized successfully
2026-05-21 22:28:14,125 - __main__ - INFO - Running partial pipeline: ['data_collection', 'data_preprocessing', 'sequence_generation']
2026-05-21 22:28:14,125 - __main__ - INFO - Starting data collection...
2026-05-21 22:28:14,126 - data_collection - INFO - Starting data collection process...
2026-05-21 22:28:14,126 - data_collection - INFO - Collecting sequences for all targets
2026-05-21 22:28:14,127 - data_collection - INFO - ERBB2-family file already exists: data\raw\ERBB2_family_uniprot.fasta
2026-05-21 22:28:14,962 - data_collection - INFO - Downloaded UniProt sequence: data\raw\HER2_therapeutic_uniprot.fasta
2026-05-21 22:28:15,660 - data_collection - INFO - Downloaded UniProt sequence: data\raw\TNF_therapeutic_uniprot.fasta
2026-05-21 22:28:15,662 - data_collection - INFO - Collecting PDB structures for all targets
2026-05-21 22:28:16,451 - data_collection - INFO - Downloaded PDB structure: data\raw\1N8Z.pdb
2026-05-21 22:28:16,686 - data_collection - INFO - Downloaded PDB structure: data\raw\1TNF.pdb
2026-05-21 22:28:16,693 - data_collection - INFO - Collecting AlphaFold structures for all targets
2026-05-21 22:28:17,330 - data_collection - WARNING - AlphaFold structure not found for HER2_therapeutic: https://alphafold.ebi.ac.uk/files/AF-P04626-F1-model_v4.pdb
2026-05-21 22:28:17,795 - data_collection - WARNING - AlphaFold structure not found for TNF_therapeutic: https://alphafold.ebi.ac.uk/files/AF-P01375-F1-model_v4.pdb
2026-05-21 22:28:17,799 - data_collection - INFO - Collecting related sequences for reference...
2026-05-21 22:28:17,800 - data_collection - INFO - Created related sequences file: data\raw\related_sequences.fasta
2026-05-21 22:28:17,801 - data_collection - INFO - Data collection completed. Collected 5 files.
2026-05-21 22:28:17,801 - __main__ - INFO - Data collection completed
2026-05-21 22:28:17,802 - __main__ - INFO - Starting data preprocessing...
2026-05-21 22:28:17,802 - data_preprocessing - INFO - Starting data preprocessing...
2026-05-21 22:28:17,822 - data_preprocessing - INFO - Loaded 400 sequences from data\raw\ERBB2_family_uniprot.fasta
2026-05-21 22:28:17,826 - data_preprocessing - INFO - Loaded 1 sequences from data\raw\HER2_therapeutic_uniprot.fasta
2026-05-21 22:28:17,829 - data_preprocessing - INFO - Loaded 3 sequences from data\raw\related_sequences.fasta
2026-05-21 22:28:17,832 - data_preprocessing - INFO - Loaded 1 sequences from data\raw\TNF_therapeutic_uniprot.fasta
2026-05-21 22:28:17,834 - data_preprocessing - INFO - Loaded 405 total sequences
2026-05-21 22:28:17,834 - data_preprocessing - INFO - Filtered 12/405 sequences by length
2026-05-21 22:28:17,834 - data_preprocessing - INFO - After length filter (30–1000 aa): 12/405 sequences retained
2026-05-21 22:28:17,835 - data_preprocessing - INFO - Removed duplicates: 12 -> 11 sequences
2026-05-21 22:28:17,860 - data_preprocessing - INFO - Creating deep learning datasets...
2026-05-21 22:28:17,865 - data_preprocessing - INFO - Created tensor dataset with shape: torch.Size([11, 512])
2026-05-21 22:28:17,867 - data_preprocessing - INFO - Saved tensor dataset: data\processed\protein_dataset.pt
2026-05-21 22:28:17,868 - data_preprocessing - INFO - Created DataLoader with 8 sequences
2026-05-21 22:28:17,870 - data_preprocessing - INFO - Created DataLoader with 3 sequences
2026-05-21 22:28:17,876 - data_preprocessing - INFO - Created tensor dataset with shape: torch.Size([8, 512])
2026-05-21 22:28:17,877 - data_preprocessing - INFO - Created tensor dataset with shape: torch.Size([3, 512])
2026-05-21 22:28:17,881 - data_preprocessing - INFO - Saved train/validation datasets
2026-05-21 22:28:17,883 - data_preprocessing - INFO - Preprocessing completed. Saved 11 sequences.
2026-05-21 22:28:17,883 - data_preprocessing - INFO - Starting structure preprocessing...
2026-05-21 22:28:18,053 - data_preprocessing - INFO - Processed structure: 1N8Z.pdb
2026-05-21 22:28:18,122 - data_preprocessing - INFO - Processed structure: 1TNF.pdb
2026-05-21 22:28:18,122 - __main__ - INFO - Data preprocessing completed
2026-05-21 22:28:18,122 - __main__ - INFO - Starting sequence generation...
2026-05-21 22:28:18,122 - __main__ - INFO - Generating sequences for HER2_therapeutic
2026-05-21 22:28:18,123 - sequence_generation - INFO - Starting ProGAN sequence generation with HER2 comparison...
2026-05-21 22:28:18,125 - sequence_generation - INFO - Prepared 8 sequences for training
2026-05-21 22:28:18,482 - sequence_generation - INFO - Loaded trained ProGAN model from results\sequences\protein_progan.pth
2026-05-21 22:28:18,483 - sequence_generation - INFO - Generating 20 sequences with ProGAN (min 100 aa)
2026-05-21 22:28:18,585 - sequence_generation - INFO - Rejection-sampling attempt 1: 0/20 pass. Retrying…
2026-05-21 22:28:18,660 - sequence_generation - INFO - Rejection-sampling attempt 2: 1/20 pass. Retrying…
2026-05-21 22:28:18,724 - sequence_generation - INFO - Rejection-sampling attempt 3: 1/20 pass. Retrying…
2026-05-21 22:28:18,776 - sequence_generation - INFO - Rejection-sampling attempt 4: 1/20 pass. Retrying…
2026-05-21 22:28:18,813 - sequence_generation - INFO - Rejection-sampling attempt 5: 2/20 pass. Retrying…
2026-05-21 22:28:18,814 - sequence_generation - WARNING - Rejection sampling exhausted after 5 attempts; returning 2 sequences (target was 20).
2026-05-21 22:28:18,814 - sequence_generation - INFO - Applying personalization constraints...
2026-05-21 22:28:18,814 - sequence_generation - INFO - Applied personalization constraints to 2 sequences
2026-05-21 22:28:18,815 - sequence_generation - INFO - Comparing generated sequences with HER2 standard...
2026-05-21 22:28:18,816 - sequence_generation - INFO - Analyzing reaction of generated proteins with healthy proteins...
2026-05-21 22:28:18,826 - sequence_generation - INFO - Generated 2 sequences using ProGAN with HER2 comparison
2026-05-21 22:28:18,826 - __main__ - INFO - Applying personalization constraints...
2026-05-21 22:28:18,827 - variant_annotation - INFO - Generating personalized sequences...
2026-05-21 22:28:18,828 - variant_annotation - WARNING - Variant file not found: data\genomic_variants.vcf
2026-05-21 22:28:18,828 - variant_annotation - WARNING - No variant data available, returning base sequences
2026-05-21 22:28:18,828 - __main__ - INFO - Generating sequences for TNF_therapeutic
2026-05-21 22:28:18,829 - sequence_generation - INFO - Starting ProGAN sequence generation with HER2 comparison...
2026-05-21 22:28:18,831 - sequence_generation - INFO - Prepared 8 sequences for training
2026-05-21 22:28:19,207 - sequence_generation - INFO - Loaded trained ProGAN model from results\sequences\protein_progan.pth
2026-05-21 22:28:19,208 - sequence_generation - INFO - Generating 20 sequences with ProGAN (min 100 aa)
2026-05-21 22:28:19,238 - sequence_generation - INFO - Rejection-sampling attempt 1: 0/20 pass. Retrying…
2026-05-21 22:28:19,275 - sequence_generation - INFO - Rejection-sampling attempt 2: 0/20 pass. Retrying…
2026-05-21 22:28:19,308 - sequence_generation - INFO - Rejection-sampling attempt 3: 0/20 pass. Retrying…
2026-05-21 22:28:19,341 - sequence_generation - INFO - Rejection-sampling attempt 4: 0/20 pass. Retrying…
2026-05-21 22:28:19,373 - sequence_generation - INFO - Rejection-sampling attempt 5: 0/20 pass. Retrying…
2026-05-21 22:28:19,373 - sequence_generation - WARNING - Rejection sampling exhausted after 5 attempts; returning 0 sequences (target was 20).
2026-05-21 22:28:19,373 - sequence_generation - WARNING - ProGAN generation failed, using fallback method
2026-05-21 22:28:19,379 - sequence_generation - INFO - Applying personalization constraints...
2026-05-21 22:28:19,380 - sequence_generation - INFO - Applied personalization constraints to 20 sequences
2026-05-21 22:28:19,382 - sequence_generation - INFO - Comparing generated sequences with HER2 standard...
2026-05-21 22:28:19,389 - sequence_generation - INFO - Analyzing reaction of generated proteins with healthy proteins...
2026-05-21 22:28:19,400 - sequence_generation - INFO - Generated 20 sequences using ProGAN with HER2 comparison
2026-05-21 22:28:19,400 - __main__ - INFO - Applying personalization constraints...
2026-05-21 22:28:19,401 - variant_annotation - INFO - Generating personalized sequences...
2026-05-21 22:28:19,401 - variant_annotation - WARNING - Variant file not found: data\genomic_variants.vcf
2026-05-21 22:28:19,401 - variant_annotation - WARNING - No variant data available, returning base sequences
2026-05-21 22:28:19,402 - __main__ - INFO - Sequence generation completed for all targets
